date,daily_return,equity_multiple
2021-01-01,-0.0007820042,0.9992179958
2021-01-02,-0.0233148439,0.9759213842
2021-01-03,-0.0645973900,0.9128794099
2021-01-04,0.0426291872,0.9517947171
2021-01-05,0.0258362320,0.9763855063
2021-01-06,0.0000458999,0.9764303222
2021-01-07,0.0684956639,1.0433115654
2021-01-08,0.1097779067,1.1578441251
2021-01-09,0.0121049088,1.1718597226
2021-01-10,0.0237597219,1.1997027837
2021-01-11,0.0078372348,1.2091051361
2021-01-12,0.0138316048,1.2258290005
2021-01-13,0.0162739532,1.2457780843
2021-01-14,0.0449669317,1.3017969023
2021-01-15,-0.0038074308,1.2968404007
2021-01-16,0.0700946783,1.3877420114
2021-01-17,-0.0402252239,1.3319197782
2021-01-18,0.0016821405,1.3341602544
2021-01-19,0.0110810760,1.3489441855
2021-01-20,0.0155631976,1.3699380704
2021-01-21,-0.0097500179,1.3565811496
2021-01-22,0.0119289571,1.3727637480
2021-01-23,-0.0174206200,1.3488493525
2021-01-24,-0.0164158208,1.3267068832
2021-01-25,0.0213653112,1.3550523887
2021-01-26,-0.0040666158,1.3495419113
2021-01-27,0.0036659961,1.3544893266
2021-01-28,0.3520673933,1.8313608531
2021-01-29,-0.0078518266,1.8169813252
2021-01-30,0.0097999399,1.8347876330
2021-01-31,0.0077260254,1.8489632489
2021-02-01,0.0790472147,1.9951186437
2021-02-02,-0.0235716115,1.9480904820
2021-02-03,-0.0166337604,1.9156864117
2021-02-04,0.0392148470,1.9908097612
2021-02-05,0.0163723784,2.0234040520
2021-02-06,0.0397095801,2.1037525773
2021-02-07,0.0233434118,2.1528613400
2021-02-08,0.0515133561,2.2637624528
2021-02-09,0.1323795094,2.5634382158
2021-02-10,0.2486856701,3.2009285664
2021-02-11,0.0098758004,3.2325402981
2021-02-12,-0.0382554001,3.1088781757
2021-02-13,-0.0091998092,3.0802770896
2021-02-14,-0.0084387238,3.0542834821
2021-02-15,0.0005933070,3.0560956099
2021-02-16,-0.0102892113,3.0246507965
2021-02-17,0.0068661529,3.0454185114
2021-02-18,-0.0019343474,3.0395276140
2021-02-19,0.0515254014,3.1961404944
2021-02-20,-0.0172674386,3.1409513346
2021-02-21,0.0192154497,3.2013061271
2021-02-22,0.0423711570,3.3369491716
2021-02-23,-0.0398275394,3.2040466968
2021-02-24,0.0399883255,3.3321711591
2021-02-25,0.0151258134,3.3825729583
2021-02-26,-0.0003706414,3.3813192369
2021-02-27,-0.0053999708,3.3630602118
2021-02-28,-0.0040362990,3.3494858954
2021-03-01,-0.0110335743,3.3125290940
2021-03-02,-0.0002236378,3.3117882872
2021-03-03,-0.0222454098,3.2381161997
2021-03-04,0.0183721687,3.2976074169
2021-03-05,-0.0039669819,3.2845258679
2021-03-06,-0.0074107910,3.2601849332
2021-03-07,-0.0140305093,3.2144428783
2021-03-08,0.0098522151,3.2461122609
2021-03-09,-0.0654325017,3.0337110149
2021-03-10,0.0040167573,3.0458966958
2021-03-11,-0.0107695965,3.0130936175
2021-03-12,0.0043165416,3.0260997615
2021-03-13,0.0013436363,3.0301657390
2021-03-14,-0.0033214674,3.0201011423
2021-03-15,-0.0109182700,2.9871268625
2021-03-16,-0.0158346197,2.9398268448
2021-03-17,0.0235625885,3.0090967749
2021-03-18,-0.0177047545,2.9558214553
2021-03-19,-0.0012333433,2.9521759128
2021-03-20,0.0108762995,2.9842846623
2021-03-21,0.0057113138,3.0013288484
2021-03-22,-0.0014938312,2.9968453696
2021-03-23,-0.0006248278,2.9949728573
2021-03-24,-0.0044160565,2.9817468879
2021-03-25,-0.0294564953,2.8939150747
2021-03-26,-0.0272583554,2.8150317090
2021-03-27,0.0310394855,2.9024088449
2021-03-28,0.0098626824,2.9310343816
2021-03-29,0.0050085791,2.9457146990
2021-03-30,0.0236367798,3.0153419087
2021-03-31,0.0084118347,3.0407064665
2021-04-01,0.0223296551,3.1086043933
2021-04-02,0.0052578633,3.1249490102
2021-04-03,0.0299469928,3.2185318358
2021-04-04,0.0102197297,3.2514243611
2021-04-05,-0.0033801884,3.2404339342
2021-04-06,0.0072846821,3.2640394652
2021-04-07,0.0362545225,3.3823756573
2021-04-08,-0.0088897954,3.3523070296
2021-04-09,0.0209128190,3.4224132198
2021-04-10,-0.0417050479,3.2796813124
2021-04-11,-0.0164560489,3.2257107165
2021-04-12,-0.0061442870,3.2058910239
2021-04-13,-0.0318844450,3.1036729677
2021-04-14,-0.0116391649,3.0675488063
2021-04-15,0.0146403098,3.1124586710
2021-04-16,-0.0016050596,3.1074629895
2021-04-17,-0.0183116226,3.0505603000
2021-04-18,0.1015072475,3.3602142794
2021-04-19,0.0549852667,3.5449765579
2021-04-20,0.0204264986,3.6173880166
2021-04-21,-0.0039534421,3.6030868827
2021-04-22,-0.0276358096,3.5035126597
2021-04-23,-0.0091961068,3.4712939833
2021-04-24,0.0462307821,3.6317746190
2021-04-25,-0.0111637111,3.5912305362
2021-04-26,-0.0006258931,3.5889828098
2021-04-27,-0.0042065471,3.5738855846
2021-04-28,0.0212635640,3.6498791294
2021-04-29,-0.0046835297,3.6327848123
2021-04-30,-0.0078116162,3.6044068917
2021-05-01,-0.0133107281,3.5564296115
2021-05-02,0.0021770342,3.5641720803
2021-05-03,0.0358993048,3.6921233802
2021-05-04,0.0354575077,3.8230368734
2021-05-05,-0.0201081531,3.7461626629
2021-05-06,0.0388886644,3.8918459254
2021-05-07,-0.0001161549,3.8913938684
2021-05-08,0.0212983692,3.9742742116
2021-05-09,0.0152480148,4.0348740038
2021-05-10,0.0154030277,4.0970232799
2021-05-11,0.0123051304,4.1474376857
2021-05-12,-0.0053976998,4.1250510620
2021-05-13,0.0428746837,4.3019113216
2021-05-14,0.0009363147,4.3059392646
2021-05-15,-0.0086629246,4.2686372372
2021-05-16,0.0256329220,4.3780548825
2021-05-17,-0.0281119408,4.2549792629
2021-05-18,-0.0436537289,4.0692335517
2021-05-19,0.0520196923,4.2809138287
2021-05-20,0.0053865632,4.3039732414
2021-05-21,-0.0087732995,4.2662131953
2021-05-22,-0.0278565429,4.1473712442
2021-05-23,0.0142061440,4.2062893973
2021-05-24,-0.0474724334,4.0066066041
2021-05-25,-0.0031628382,3.9939343556
2021-05-26,-0.0120863040,3.9456624509
2021-05-27,-0.0059258158,3.9222811821
2021-05-28,-0.0028247071,3.9112018865
2021-05-29,-0.0073586827,3.8824205929
2021-05-30,0.0057259587,3.9046511730
2021-05-31,0.0096330321,3.9422648032
2021-06-01,-0.0085254066,3.9086553929
2021-06-02,-0.0181370077,3.8377640799
2021-06-03,0.0081514092,3.8690472653
2021-06-04,0.0061534939,3.8928554242
2021-06-05,0.0065305473,3.9182779006
2021-06-06,0.0008152212,3.9214721640
2021-06-07,0.0009264880,3.9251053608
2021-06-08,-0.0077147350,3.8948242130
2021-06-09,0.0013449633,3.9000626086
2021-06-10,0.0045871010,3.9179525895
2021-06-11,0.0188136426,3.9916635491
2021-06-12,-0.0053817458,3.9701814307
2021-06-13,0.0038991962,3.9856619471
2021-06-14,-0.0278848023,3.8745225516
2021-06-15,0.0071761851,3.9023268426
2021-06-16,-0.0021000865,3.8941316186
2021-06-17,0.0107765340,3.9360968605
2021-06-18,-0.0012415680,3.9312099285
2021-06-19,0.0016697118,3.9377739162
2021-06-20,-0.0024169171,3.9282566431
2021-06-21,-0.0016611199,3.9217313377
2021-06-22,0.0301651446,4.0400309305
2021-06-23,0.0491518454,4.2386059062
2021-06-24,0.0190876095,4.3195107607
2021-06-25,-0.0054499131,4.2959698022
2021-06-26,0.0101793296,4.3396998946
2021-06-27,0.0111669675,4.3881611821
2021-06-28,0.0001462479,4.3888029415
2021-06-29,-0.0041720279,4.3704927330
2021-06-30,0.0047199864,4.3911213992
2021-07-01,0.0000350752,4.3912754186
2021-07-02,0.0099100817,4.4347933167
2021-07-03,0.0031388531,4.4487134817
2021-07-04,0.0135852744,4.5091504749
2021-07-05,0.0105336348,4.5566482192
2021-07-06,-0.0145988190,4.4901265368
2021-07-07,-0.0115448633,4.4382886398
2021-07-08,0.0151073173,4.5053392747
2021-07-09,0.0024209313,4.5162463917
2021-07-10,0.0093493201,4.5584702249
2021-07-11,0.0017434523,4.5664177004
2021-07-12,0.0012046666,4.5719187112
2021-07-13,0.0014890852,4.5787266875
2021-07-14,0.0067680578,4.6097157746
2021-07-15,0.0257032655,4.7282005231
2021-07-16,0.0147397020,4.7978927897
2021-07-17,-0.0147189015,4.7272730784
2021-07-18,0.0107562384,4.7781207545
2021-07-19,0.0011212530,4.7834782366
2021-07-20,-0.0035817560,4.7663449845
2021-07-21,0.0042344467,4.7865278183
2021-07-22,-0.0150975314,4.7142630643
2021-07-23,0.0023898511,4.7255294510
2021-07-24,0.0038175809,4.7435695421
2021-07-25,0.0050130543,4.7673493137
2021-07-26,0.0024416342,4.7789894367
2021-07-27,0.0113799732,4.8333742083
2021-07-28,0.0024976660,4.8454463627
2021-07-29,0.0062273897,4.8756208455
2021-07-30,-0.0118946218,4.8176271796
2021-07-31,0.0018206287,4.8263982897
2021-08-01,0.0213345688,4.9293674163
2021-08-02,-0.0090049756,4.8849785832
2021-08-03,0.0169620564,4.9678378655
2021-08-04,0.0072543463,5.0038762819
2021-08-05,0.0099992367,5.0539112252
2021-08-06,-0.0067825589,5.0196327745
2021-08-07,-0.0246333659,4.8959823239
2021-08-08,0.0004066297,4.8979731759
2021-08-09,-0.0090411825,4.8536897066
2021-08-10,0.0031369872,4.8689156691
2021-08-11,0.0111723725,4.9233130087
2021-08-12,-0.0032373575,4.9073744843
2021-08-13,-0.0092659593,4.8619029520
2021-08-14,-0.0466158129,4.6352613935
2021-08-15,0.0172317900,4.7151352445
2021-08-16,0.0331946062,4.8716523024
2021-08-17,0.0122873473,4.9315119862
2021-08-18,-0.0677250872,4.5975249068
2021-08-19,0.0186695623,4.6833586844
2021-08-20,-0.0330007341,4.5288044099
2021-08-21,0.0028875958,4.5418817666
2021-08-22,-0.0126879230,4.4842547203
2021-08-23,-0.0113599439,4.4333138383
2021-08-24,-0.0123134924,4.3787242622
2021-08-25,-0.0020476103,4.3697583414
2021-08-26,0.0258650215,4.4827822347
2021-08-27,0.0000491552,4.4830025867
2021-08-28,0.0188707895,4.5676003847
2021-08-29,0.0047665841,4.5893722360
2021-08-30,0.0417691520,4.7810664226
2021-08-31,-0.0006535336,4.7779418351
2021-09-01,0.0092947251,4.8223514912
2021-09-02,-0.0007033399,4.8189597391
2021-09-03,-0.0116318785,4.7629061847
2021-09-04,0.0035293752,4.7797162674
2021-09-05,0.0013409090,4.7861254319
2021-09-06,0.0031655439,4.8012761221
2021-09-07,-0.0071519173,4.7669377921
2021-09-08,-0.0156555665,4.6923086806
2021-09-09,0.0200304178,4.7862975839
2021-09-10,0.0290161623,4.9251775716
2021-09-11,-0.0066132231,4.8926062736
2021-09-12,0.0194693983,4.9878623741
2021-09-13,-0.0072290151,4.9518050418
2021-09-14,0.0382024675,5.1409762130
2021-09-15,-0.0126316787,5.0760370531
2021-09-16,-0.0149650315,5.0000739987
2021-09-17,-0.0102111497,4.9490174945
2021-09-18,-0.0125979002,4.8866702662
2021-09-19,0.0081676810,4.9265830300
2021-09-20,-0.0033247400,4.9102034224
2021-09-21,-0.0117610185,4.8524544289
2021-09-22,-0.0045849750,4.8302060467
2021-09-23,0.0000044626,4.8302276022
2021-09-24,0.0020820612,4.8402844316
2021-09-25,-0.0014326841,4.8333498331
2021-09-26,-0.0022267860,4.8225869974
2021-09-27,-0.0049359423,4.7987829860
2021-09-28,0.0114534802,4.8537457517
2021-09-29,0.0102642857,4.9035659849
2021-09-30,0.0075364042,4.9405212402
2021-10-01,0.0054161377,4.9672797834
2021-10-02,-0.0042399040,4.9462189941
2021-10-03,0.0020765126,4.9564898803
2021-10-04,-0.0080505209,4.9165875548
2021-10-05,0.0113436360,4.9723595342
2021-10-06,0.0135193497,5.0395826017
2021-10-07,-0.0016887504,5.0310720045
2021-10-08,-0.0105681414,4.9779029240
2021-10-09,0.0009781571,4.9827720953
2021-10-10,0.0101775947,5.0334847303
2021-10-11,0.0192890295,5.1305757655
2021-10-12,0.0167128192,5.2163221508
2021-10-13,0.0014033528,5.2236424909
2021-10-14,0.0095257910,5.2734018174
2021-10-15,0.0041189781,5.2951228441
2021-10-16,-0.0103494526,5.2403212211
2021-10-17,0.0117101332,5.3016860806
2021-10-18,-0.0015055493,5.2937041308
2021-10-19,0.0040712511,5.3152561297
2021-10-20,0.0039154444,5.3360677195
2021-10-21,-0.0001547820,5.3352417922
2021-10-22,-0.0001726149,5.3343208502
2021-10-23,-0.0002585748,5.3329415294
2021-10-24,-0.0254867858,5.1970219911
2021-10-25,0.0256450611,5.3302999373
2021-10-26,-0.0047365163,5.3050528848
2021-10-27,0.0263212980,5.4446887624
2021-10-28,-0.0306955970,5.2775607901
2021-10-29,0.0169479282,5.3670045112
2021-10-30,0.0071102896,5.4051654674
2021-10-31,-0.0008849124,5.4003823696
2021-11-01,0.0249652508,5.5352042700
2021-11-02,0.0078834206,5.5788406135
2021-11-03,0.0067319477,5.6163970765
2021-11-04,0.0126686452,5.6875492183
2021-11-05,0.0133060425,5.7632279897
2021-11-06,0.0308023490,5.9407489495
2021-11-07,0.0143159806,6.0257965965
2021-11-08,-0.0119263072,5.9539310950
2021-11-09,-0.0265941789,5.7955911863
2021-11-10,0.0143360666,5.8786771674
2021-11-11,0.0038054153,5.9010479755
2021-11-12,0.0002014085,5.9022364965
2021-11-13,0.0063615284,5.9397837416
2021-11-14,-0.0079996314,5.8922676613
2021-11-15,-0.0035973252,5.8710712583
2021-11-16,-0.0062498239,5.8343780967
2021-11-17,0.0013633998,5.8423326869
2021-11-18,-0.0172398881,5.7416115252
2021-11-19,0.0188594100,5.8498949311
2021-11-20,-0.0178828701,5.7452820197
2021-11-21,0.0169755147,5.8428111388
2021-11-22,-0.0053482380,5.8115623945
2021-11-23,0.0069660838,5.8520462249
2021-11-24,0.0131082919,5.9287565549
2021-11-25,0.0205177408,6.0504012450
2021-11-26,0.0069479317,6.0924390196
2021-11-27,0.0037271683,6.1151465650
2021-11-28,-0.0112543608,6.0463244992
2021-11-29,0.0122668834,6.1204940566
2021-11-30,0.0139464317,6.2058531092
2021-12-01,-0.0021390497,6.1925784810
2021-12-02,-0.0242740824,6.0422593208
2021-12-03,0.0132595405,6.1223769027
2021-12-04,-0.0019174622,6.1106374766
2021-12-05,-0.0163091449,6.0109782047
2021-12-06,-0.0018843370,5.9996514960
2021-12-07,-0.0015121003,5.9905794214
2021-12-08,-0.0120206928,5.9185685063
2021-12-09,-0.0055427878,5.8857631370
2021-12-10,0.0137568230,5.9667325384
2021-12-11,0.0058958402,6.0019114397
2021-12-12,0.0042147703,6.0272081180
2021-12-13,-0.0022345377,6.0137400942
2021-12-14,-0.0084576443,5.9628780197
2021-12-15,-0.0314727432,5.7752098909
2021-12-16,-0.0013315828,5.7675197205
2021-12-17,-0.0016166432,5.7581956989
2021-12-18,-0.0129930607,5.6833791128
2021-12-19,-0.0092233831,5.6309591302
2021-12-20,-0.0047308603,5.6043198494
2021-12-21,-0.0114676487,5.5400514782
2021-12-22,-0.0026021977,5.5256351689
2021-12-23,-0.0156337998,5.4392484947
2021-12-24,-0.0100375796,5.3846516048
2021-12-25,-0.0002980074,5.3830469391
2021-12-26,0.0104888610,5.4395089700
2021-12-27,0.0032264627,5.4570593428
2021-12-28,-0.0063244602,5.4225463884
2021-12-29,-0.0049997179,5.3954351861
2021-12-30,0.0053327284,5.4242075766
2021-12-31,-0.0100639908,5.3696184015
2022-01-01,-0.0000624805,5.3692829050
2022-01-02,0.0009467221,5.3743661241
2022-01-03,-0.0096345827,5.3225863493
2022-01-04,0.0029800597,5.3384479743
2022-01-05,-0.0080255875,5.2956037928
2022-01-06,-0.0089419005,5.2482510309
2022-01-07,0.0014236005,5.2557224438
2022-01-08,-0.0223524315,5.1382442680
2022-01-09,-0.0085222337,5.0944549494
2022-01-10,-0.0137953438,5.0241751917
2022-01-11,0.0209928068,5.1296467307
2022-01-12,0.0052890904,5.1567778960
2022-01-13,0.0188966687,5.2542238196
2022-01-14,0.0205764799,5.3623372501
2022-01-15,0.0013445489,5.3695471751
2022-01-16,0.0016484519,5.3783986153
2022-01-17,0.0050874930,5.4057611804
2022-01-18,0.0073133820,5.4452955771
2022-01-19,0.0056190268,5.4758928389
2022-01-20,0.0054046680,5.5054882219
2022-01-21,0.0028086407,5.5209511603
2022-01-22,0.0114068992,5.5839280936
2022-01-23,0.0092867055,5.6357843895
2022-01-24,-0.0034434961,5.6163775880
2022-01-25,0.0042283224,5.6401254432
2022-01-26,0.0031577365,5.6579354731
2022-01-27,-0.0050345364,5.6294503911
2022-01-28,-0.0050957810,5.6007639450
2022-01-29,0.0072320982,5.6412692200
2022-01-30,-0.0176725900,5.5415733818
2022-01-31,0.0178222861,5.6403368879
2022-02-01,0.0173883436,5.7384130034
2022-02-02,0.0005471446,5.7415527452
2022-02-03,-0.0042454474,5.7171772847
2022-02-04,0.0052762768,5.7473426946
2022-02-05,0.0010067444,5.7531287999
2022-02-06,0.0027831771,5.7691407761
2022-02-07,-0.0432564721,5.5195880991
2022-02-08,-0.0105606825,5.4612974816
2022-02-09,0.0114579175,5.5238725778
2022-02-10,0.0097830028,5.5779126388
2022-02-11,-0.0137790247,5.5010544427
2022-02-12,-0.0105461081,5.4430397277
2022-02-13,0.0009675676,5.4483062365
2022-02-14,-0.0087059369,5.4008736263
2022-02-15,-0.0018318465,5.3909800547
2022-02-16,-0.0031483779,5.3740072122
2022-02-17,0.0019923914,5.3847143381
2022-02-18,0.0106505707,5.4420646188
2022-02-19,0.0017808979,5.4517563801
2022-02-20,0.0101673109,5.5071860822
2022-02-21,0.0058648753,5.5394850416
2022-02-22,0.0029051445,5.5555780463
2022-02-23,0.0015186874,5.5640152325
2022-02-24,-0.0005326001,5.5610518375
2022-02-25,-0.0056812121,5.5294583223
2022-02-26,0.0000000000,5.5294583223
2022-02-27,0.0000000000,5.5294583223
2022-02-28,0.0000000000,5.5294583223
2022-03-01,0.0000000000,5.5294583223
2022-03-02,-0.0050874293,5.5013275938
2022-03-03,0.0015176008,5.5096764127
2022-03-04,0.0019836807,5.5206058517
2022-03-05,0.0049854939,5.5481287983
2022-03-06,0.0033754327,5.5668561334
2022-03-07,0.0063742425,5.6023406246
2022-03-08,-0.0054954603,5.5715531841
2022-03-09,-0.0128284104,5.5000790133
2022-03-10,-0.0027684235,5.4848524655
2022-03-11,0.0135231131,5.5590247455
2022-03-12,0.0084040078,5.6057428329
2022-03-13,0.0017567182,5.6155905431
2022-03-14,-0.0020547259,5.6040520439
2022-03-15,-0.0060218895,5.5703050616
2022-03-16,0.0005023623,5.5731033727
2022-03-17,0.0038316759,5.5944576987
2022-03-18,-0.0076925253,5.5514221915
2022-03-19,-0.0106347600,5.4923841490
2022-03-20,0.0031667213,5.5097769989
2022-03-21,-0.0013641139,5.5022610353
2022-03-22,0.0147936071,5.5836593230
2022-03-23,0.0260403628,5.7290598378
2022-03-24,-0.0118042037,5.6614328483
2022-03-25,-0.0019809817,5.6502176534
2022-03-26,-0.0022939978,5.6372560666
2022-03-27,-0.0093157554,5.5847407682
2022-03-28,0.0048002853,5.6115491173
2022-03-29,-0.0035781012,5.5914704268
2022-03-30,0.0004833153,5.5941728703
2022-03-31,-0.0022890197,5.5813676985
2022-04-01,0.0000000000,5.5813676985
2022-04-02,0.0000000000,5.5813676985
2022-04-03,0.0000000000,5.5813676985
2022-04-04,-0.0065604703,5.5447513013
2022-04-05,0.0029637577,5.5611846005
2022-04-06,0.0163955260,5.6523631472
2022-04-07,0.0057029618,5.6845983584
2022-04-08,0.0004438069,5.6871212226
2022-04-09,0.0008503026,5.6919569963
2022-04-10,-0.0160802751,5.6004287621
2022-04-11,0.0007020613,5.6043606067
2022-04-12,0.0175187709,5.7025421163
2022-04-13,0.0053287516,5.7329295466
2022-04-14,-0.0098418151,5.6765071140
2022-04-15,-0.0133861554,5.6005205078
2022-04-16,0.0048958512,5.6279398227
2022-04-17,-0.0051776813,5.5988001438
2022-04-18,0.0018220268,5.6090013078
2022-04-19,0.0010123248,5.6146794391
2022-04-20,0.0088461371,5.6643476634
2022-04-21,-0.0045046895,5.6388315357
2022-04-22,0.0049179618,5.6665630937
2022-04-23,0.0043817307,5.6913924470
2022-04-24,-0.0010339931,5.6855075863
2022-04-25,-0.0179058698,5.5837036279
2022-04-26,0.0034565554,5.6030040089
2022-04-27,-0.0015538683,5.5942976787
2022-04-28,0.0128505046,5.6661872269
2022-04-29,0.0024077018,5.6798297160
2022-04-30,-0.0117008681,5.6133707779
2022-05-01,0.0066032420,5.6504372236
2022-05-02,0.0025184495,5.6646675645
2022-05-03,-0.0006023990,5.6612551743
2022-05-04,0.0116595840,5.7272630544
2022-05-05,-0.0101680495,5.6690279599
2022-05-06,-0.0018045780,5.6587977568
2022-05-07,-0.0056260789,5.6269609142
2022-05-08,-0.0079547825,5.5821996642
2022-05-09,-0.0180238311,5.4815870401
2022-05-10,0.0046236979,5.5069322426
2022-05-11,-0.0202993489,5.3951451036
2022-05-12,0.0062916419,5.4290894247
2022-05-13,0.0462897407,5.6804005662
2022-05-14,0.0147450443,5.7641583241
2022-05-15,0.0098359744,5.8208544379
2022-05-16,-0.0062620625,5.7844038835
2022-05-17,0.0027966344,5.8005807465
2022-05-18,-0.0031088339,5.7825477044
2022-05-19,-0.0007443035,5.7782437337
2022-05-20,0.0058557329,5.8120795854
2022-05-21,0.0072512381,5.8542243583
2022-05-22,-0.0021427194,5.8416803980
2022-05-23,0.0027832057,5.8579389962
2022-05-24,0.0038000167,5.8801992625
2022-05-25,-0.0024860286,5.8655809191
2022-05-26,-0.0117035680,5.7969326937
2022-05-27,0.0104236022,5.8573576144
2022-05-28,0.0059205612,5.8920364586
2022-05-29,0.0027574392,5.9082833909
2022-05-30,-0.0055797508,5.8753166419
2022-05-31,0.0135447935,5.9548965925
2022-06-01,0.0065663083,5.9939982795
2022-06-02,0.0043586953,6.0201242913
2022-06-03,-0.0036684433,5.9980398065
2022-06-04,-0.0045763523,5.9705906634
2022-06-05,-0.0095144533,5.9137837575
2022-06-06,-0.0036541593,5.8921738496
2022-06-07,-0.0092899935,5.8374355929
2022-06-08,0.0042902904,5.8624798867
2022-06-09,-0.0004117670,5.8600659106
2022-06-10,0.0065452934,5.8984217614
2022-06-11,-0.0005397629,5.8952380125
2022-06-12,0.0017869144,5.9057722984
2022-06-13,0.0320860643,6.0952652880
2022-06-14,0.0215451985,6.2265889888
2022-06-15,0.0268244986,6.3936141164
2022-06-16,0.0037203354,6.4174005052
2022-06-17,-0.0011159690,6.4102388854
2022-06-18,0.0251862674,6.5716888764
2022-06-19,-0.0223389212,6.4248844367
2022-06-20,0.0156157985,6.5252141374
2022-06-21,-0.0153885540,6.4248005276
2022-06-22,-0.0078034495,6.3746649212
2022-06-23,0.0083860505,6.4281231834
2022-06-24,-0.0044649217,6.3994221166
2022-06-25,-0.0119179543,6.3231540959
2022-06-26,-0.0023945053,6.3080132700
2022-06-27,0.0051780693,6.3406765998
2022-06-28,0.0007384438,6.3453588331
2022-06-29,-0.0147056601,6.2520461428
2022-06-30,0.0138954411,6.3389210819
2022-07-01,-0.0067589606,6.2960765637
2022-07-02,0.0042890052,6.3230804688
2022-07-03,0.0017155093,6.3339277722
2022-07-04,-0.0007315249,6.3292943462
2022-07-05,0.0005075984,6.3325070858
2022-07-06,0.0094766724,6.3925181809
2022-07-07,-0.0059557416,6.3544459947
2022-07-08,-0.0007171735,6.3498887544
2022-07-09,0.0046187983,6.3792176100
2022-07-10,-0.0012486804,6.3712520063
2022-07-11,-0.0024983925,6.3553341183
2022-07-12,-0.0037208429,6.3316869187
2022-07-13,-0.0039441554,6.3067137613
2022-07-14,-0.0009801133,6.3005324673
2022-07-15,-0.0019184989,6.2884449029
2022-07-16,-0.0000432820,6.2881727265
2022-07-17,-0.0004257494,6.2854955406
2022-07-18,-0.0045183159,6.2570956864
2022-07-19,-0.0033287318,6.2362674929
2022-07-20,-0.0084413285,6.1836251102
2022-07-21,0.0009017385,6.1892011230
2022-07-22,0.0051025903,6.2207820807
2022-07-23,-0.0026124905,6.2045303469
2022-07-24,0.0034240904,6.2257752196
2022-07-25,0.0000177341,6.2258856281
2022-07-26,0.0097952948,6.2868700133
2022-07-27,0.0063796340,6.3269779430
2022-07-28,-0.0079306224,6.2768010698
2022-07-29,-0.0115906110,6.2040491101
2022-07-30,-0.0011739449,6.1967658981
2022-07-31,0.0089954373,6.2525085171
2022-08-01,-0.0055142031,6.2180309151
2022-08-02,0.0095734325,6.2775588142
2022-08-03,0.0063366960,6.3173377962
2022-08-04,0.0068607102,6.3606792199
2022-08-05,-0.0006036648,6.3568395017
2022-08-06,-0.0035538669,6.3342481399
2022-08-07,-0.0087914674,6.2785608038
2022-08-08,0.0072436460,6.3240404755
2022-08-09,-0.0048910518,6.2931092660
2022-08-10,0.0032832856,6.3137713408
2022-08-11,-0.0066445326,6.2718192810
2022-08-12,-0.0104285989,6.2064129935
2022-08-13,-0.0080070527,6.1567179178
2022-08-14,-0.0321048058,5.9590576847
2022-08-15,0.0177100434,6.0645928548
2022-08-16,-0.0267857806,5.9021480009
2022-08-17,0.0061933263,5.9387019295
2022-08-18,0.0049094185,5.9678575028
2022-08-19,0.0149624476,6.0571512583
2022-08-20,-0.0071092732,6.0140893152
2022-08-21,0.0065174424,6.0532857959
2022-08-22,-0.0010627661,6.0468525690
2022-08-23,0.0065842863,6.0866667776
2022-08-24,-0.0025622241,6.0710713732
2022-08-25,0.0027671326,6.0878708328
2022-08-26,0.0057448601,6.1228447989
2022-08-27,0.0107002393,6.1883607037
2022-08-28,-0.0058287767,6.1522901311
2022-08-29,0.0044299572,6.1795445130
2022-08-30,0.0053241451,6.2124453047
2022-08-31,-0.0023218703,6.1980208127
2022-09-01,0.0012965563,6.2060568956
2022-09-02,0.0023941457,6.2209151002
2022-09-03,-0.0081210795,6.1703945540
2022-09-04,-0.0057891745,6.1346730633
2022-09-05,0.0041780253,6.1603038827
2022-09-06,0.0105953843,6.2255746701
2022-09-07,0.0017301729,6.2363459905
2022-09-08,-0.0048460784,6.2061241689
2022-09-09,-0.0017056686,6.1955385776
2022-09-10,-0.0002752342,6.1938333534
2022-09-11,-0.0033441613,6.1731201754
2022-09-12,-0.0189706296,6.0560121990
2022-09-13,0.0134720739,6.1375992428
2022-09-14,0.0018626805,6.1490316293
2022-09-15,-0.0194956879,6.0291520280
2022-09-16,0.0071305402,6.0721431387
2022-09-17,0.0024454379,6.0869921879
2022-09-18,-0.0099317018,6.0265379969
2022-09-19,0.0008860377,6.0318777365
2022-09-20,0.0042287601,6.0573851005
2022-09-21,0.0052341438,6.0890903252
2022-09-22,-0.0004262347,6.0864949438
2022-09-23,-0.0092462657,6.0302175942
2022-09-24,-0.0111460074,5.9630047443
2022-09-25,0.0030727655,5.9813276598
2022-09-26,-0.0014750090,5.9725051478
2022-09-27,-0.0080463891,5.9244480475
2022-09-28,0.0034120848,5.9446627668
2022-09-29,0.0068773440,5.9855462578
2022-09-30,-0.0014073344,5.9771225927
2022-10-01,0.0032962882,5.9968249112
2022-10-02,0.0022873442,6.0105417137
2022-10-03,-0.0016537851,6.0006015697
2022-10-04,-0.0194172200,5.8840865691
2022-10-05,0.0027765678,5.9004241346
2022-10-06,0.0010548912,5.9066484401
2022-10-07,0.0077725464,5.9525581391
2022-10-08,-0.0003708033,5.9503509108
2022-10-09,0.0047822481,5.9788069652
2022-10-10,0.0083369337,6.0286518825
2022-10-11,0.0002999114,6.0304599437
2022-10-12,-0.0019385826,6.0187693988
2022-10-13,-0.0068439876,5.9775770157
2022-10-14,0.0010854622,5.9840654493
2022-10-15,0.0004446088,5.9867260173
2022-10-16,0.0032490646,6.0061772769
2022-10-17,-0.0010374704,5.9999460455
2022-10-18,-0.0055740461,5.9665020696
2022-10-19,0.0025396993,5.9816551908
2022-10-20,-0.0120598901,5.9095170867
2022-10-21,0.0029010661,5.9266609863
2022-10-22,-0.0001052436,5.9260372431
2022-10-23,-0.0011132298,5.9194402018
2022-10-24,0.0017018299,5.9295140820
2022-10-25,0.0168924729,6.0296782379
2022-10-26,-0.0237680114,5.8863647766
2022-10-27,-0.0105760701,5.8241101702
2022-10-28,0.0077128587,5.8690307092
2022-10-29,-0.0589561370,5.5230153308
2022-10-30,-0.0032687431,5.5049620123
2022-10-31,0.0154970925,5.5902729178
2022-11-01,-0.0019912514,5.5791412791
2022-11-02,0.0062422935,5.6139679162
2022-11-03,0.0080453887,5.6591344703
2022-11-04,0.0109663319,5.7211944169
2022-11-05,0.0048783596,5.7491044606
2022-11-06,-0.0043924472,5.7238518230
2022-11-07,0.0067965568,5.7627543068
2022-11-08,0.0264647606,5.9152642201
2022-11-09,-0.0409375284,5.6731079229
2022-11-10,-0.0259070975,5.5261341629
2022-11-11,-0.0113457637,5.4634359503
2022-11-12,-0.0063442656,5.4287744615
2022-11-13,0.0037971736,5.4493884604
2022-11-14,0.0008793700,5.4541804888
2022-11-15,-0.0035690468,5.4347142634
2022-11-16,0.0006560816,5.4382798792
2022-11-17,0.0025046596,5.4519009191
2022-11-18,0.0008703520,5.4566459921
2022-11-19,-0.0056318568,5.4259149435
2022-11-20,0.0063695149,5.4604753896
2022-11-21,-0.0048249008,5.4341291374
2022-11-22,-0.0093318274,5.3834187824
2022-11-23,0.0111305061,5.4433389582
2022-11-24,-0.0031766400,5.4260474299
2022-11-25,-0.0135857542,5.3523304831
2022-11-26,0.0045416635,5.3766389670
2022-11-27,-0.0064401643,5.3420125288
2022-11-28,-0.0179377169,5.2461890203
2022-11-29,-0.0016353948,5.2376094298
2022-11-30,-0.0054351978,5.2091419866
2022-12-01,-0.0015530933,5.2010517028
2022-12-02,0.0066697344,5.2357413361
2022-12-03,0.0041573285,5.2575080328
2022-12-04,0.0012565875,5.2641145518
2022-12-05,-0.0004757164,5.2616103261
2022-12-06,0.0044557666,5.2850548336
2022-12-07,0.0003508150,5.2869089102
2022-12-08,0.0005857787,5.2900058690
2022-12-09,-0.0020321207,5.2792559384
2022-12-10,-0.0012163979,5.2728342623
2022-12-11,0.0000339064,5.2730130450
2022-12-12,-0.0012241215,5.2665582364
2022-12-13,-0.0024246709,5.2537885659
2022-12-14,0.0054119425,5.2822217678
2022-12-15,0.0018290137,5.2918830240
2022-12-16,0.0011523348,5.2979810452
2022-12-17,0.0046292252,5.3225065927
2022-12-18,0.0056278049,5.3524606211
2022-12-19,-0.0059289459,5.3207261715
2022-12-20,-0.0044517563,5.2970395953
2022-12-21,-0.0032337217,5.2799104434
2022-12-22,-0.0012412497,5.2733567564
2022-12-23,0.0033340199,5.2909382329
2022-12-24,-0.0051352838,5.2637677636
2022-12-25,-0.0055095348,5.2347668520
2022-12-26,0.0041951948,5.2567277188
2022-12-27,0.0104498487,5.3116597280
2022-12-28,-0.0052240317,5.2839114494
2022-12-29,-0.0057844740,5.2533468010
2022-12-30,0.0090911713,5.3011058769
2022-12-31,0.0003416117,5.3029167968
2023-01-01,-0.0005041458,5.3002433536
2023-01-02,0.0156015275,5.3829352460
2023-01-03,0.0196068100,5.4884774346
2023-01-04,-0.0044249443,5.4641912279
2023-01-05,0.0027054260,5.4789741931
2023-01-06,0.0009890304,5.4843930649
2023-01-07,-0.0043195905,5.4607027327
2023-01-08,0.0075677072,5.5020277320
2023-01-09,0.0132778159,5.5750826432
2023-01-10,-0.0044975916,5.5500081985
2023-01-11,-0.0383451088,5.3371925300
2023-01-12,0.0046229529,5.3618661198
2023-01-13,0.0099229063,5.4150714147
2023-01-14,0.0352820717,5.6061263527
2023-01-15,-0.0043928869,5.5814992737
2023-01-16,-0.0002710245,5.5799865504
2023-01-17,0.0091363268,5.6309671313
2023-01-18,-0.0028888996,5.6146998326
2023-01-19,0.0102621384,5.6723186596
2023-01-20,-0.0060973018,5.6377328211
2023-01-21,-0.0091964556,5.5858856614
2023-01-22,-0.0086737066,5.5374353282
2023-01-23,0.0180339117,5.6372969479
2023-01-24,-0.0012413286,5.6302992098
2023-01-25,-0.0019418066,5.6193662578
2023-01-26,0.0023501384,5.6325725464
2023-01-27,-0.0088346778,5.5828105826
2023-01-28,-0.0075332084,5.5407541071
2023-01-29,0.0069204042,5.5790983652
2023-01-30,-0.0101438168,5.5225050135
2023-01-31,-0.0073161885,5.4821013256
2023-02-01,0.0077309113,5.5244829647
2023-02-02,0.0126091335,5.5941419082
2023-02-03,0.0080200068,5.6390069643
2023-02-04,-0.0039432835,5.6167707612
2023-02-05,0.0020740050,5.6284199720
2023-02-06,0.0032440896,5.6466790704
2023-02-07,-0.0002303093,5.6453785879
2023-02-08,-0.0003142140,5.6436047310
2023-02-09,0.0013919258,5.6514602098
2023-02-10,0.0019691293,5.6625886657
2023-02-11,0.0019163071,5.6734399246
2023-02-12,0.0101216275,5.7308643701
2023-02-13,-0.0119161211,5.6625746964
2023-02-14,-0.0123807867,5.5924675667
2023-02-15,-0.0150231104,5.5084513091
2023-02-16,0.0053379266,5.5378550178
2023-02-17,-0.0138158075,5.4613450789
2023-02-18,-0.0062635240,5.4271378129
2023-02-19,0.0021488971,5.4388001737
2023-02-20,0.0039466267,5.4602650876
2023-02-21,0.0065563869,5.4960646981
2023-02-22,0.0080287166,5.5401910442
2023-02-23,0.0007302750,5.5442369070
2023-02-24,0.0031818545,5.5618778621
2023-02-25,0.0023116268,5.5747348479
2023-02-26,0.0058805294,5.6075172399
2023-02-27,-0.0016569997,5.5982255855
2023-02-28,-0.0013013385,5.5909403989
2023-03-01,-0.0099682461,5.5352085292
2023-03-02,0.0040121342,5.5574165288
2023-03-03,-0.0044792459,5.5325234935
2023-03-04,0.0024802171,5.5462453527
2023-03-05,0.0036241282,5.5663456570
2023-03-06,-0.0004355437,5.5639212700
2023-03-07,0.0005068082,5.5667411110
2023-03-08,-0.0089512663,5.5169117286
2023-03-09,0.0107773678,5.5763695154
2023-03-10,-0.0009145415,5.5712696938
2023-03-11,-0.0013061804,5.5639926107
2023-03-12,0.0058338661,5.5964521983
2023-03-13,0.0009710033,5.6018863721
2023-03-14,-0.0099329885,5.5462428992
2023-03-15,0.0076209067,5.5885102986
2023-03-16,0.0091444377,5.6396140826
2023-03-17,0.0020011243,5.6508996513
2023-03-18,0.0010381454,5.6567661069
2023-03-19,-0.0036036749,5.6363809611
2023-03-20,-0.0072039364,5.5957768309
2023-03-21,-0.0044957364,5.5706196933
2023-03-22,-0.0036565674,5.5502503470
2023-03-23,0.0007571037,5.5544524622
2023-03-24,0.0029388045,5.5707759119
2023-03-25,0.0046026033,5.5964159833
2023-03-26,0.0035084964,5.6160509885
2023-03-27,-0.0054480040,5.5854547201
2023-03-28,0.0049636919,5.6131791963
2023-03-29,-0.0158186751,5.5243861384
2023-03-30,0.0032330944,5.5422470002
2023-03-31,-0.0123433846,5.4738369141
2023-04-01,-0.0002099019,5.4726879450
2023-04-02,0.0124105737,5.5406071419
2023-04-03,-0.0455162844,5.2884192912
2023-04-04,0.0012904016,5.2952434757
2023-04-05,0.0023373745,5.3076204429
2023-04-06,0.0029197617,5.3231174298
2023-04-07,0.0060584303,5.3553671660
2023-04-08,0.0044538575,5.3792192084
2023-04-09,-0.0005676974,5.3761654398
2023-04-10,0.0084551279,5.4216216062
2023-04-11,0.0012333692,5.4283084671
2023-04-12,-0.0000044864,5.4282841135
2023-04-13,0.0037104146,5.4484252982
2023-04-14,0.0003603941,5.4503888786
2023-04-15,0.0003481313,5.4522863297
2023-04-16,-0.0006811071,5.4485727389
2023-04-17,0.0006018563,5.4518519967
2023-04-18,0.0070902980,5.4905072518
2023-04-19,0.0057535134,5.5220969587
2023-04-20,0.0071978099,5.5618439631
2023-04-21,0.0136260668,5.6376300204
2023-04-22,0.0085598642,5.6858873680
2023-04-23,0.0017436473,5.6958015499
2023-04-24,0.0015256066,5.7044911025
2023-04-25,-0.0000527813,5.7041900122
2023-04-26,-0.0103167392,5.6453413713
2023-04-27,-0.0057840654,5.6126883477
2023-04-28,0.0113889830,5.6766111596
2023-04-29,-0.0024461679,5.6627252156
2023-04-30,0.0120707428,5.7310785150
2023-05-01,-0.0052325895,5.7010901336
2023-05-02,-0.0009637867,5.6955954985
2023-05-03,0.0022685452,5.7085162146
2023-05-04,0.0003505854,5.7105175372
2023-05-05,-0.0085221226,5.6618518069
2023-05-06,0.0083375664,5.7090578722
2023-05-07,-0.0009687509,5.7035272172
2023-05-08,-0.0046211646,5.6771702792
2023-05-09,0.0009063753,5.6823159263
2023-05-10,0.0002620540,5.6838049999
2023-05-11,-0.0006215645,5.6802721487
2023-05-12,-0.0001863035,5.6792138940
2023-05-13,0.0058021732,5.7121656764
2023-05-14,-0.0028738262,5.6957499049
2023-05-15,0.0065929056,5.7333014461
2023-05-16,0.0043618627,5.7583093198
2023-05-17,-0.0055723310,5.7262221142
2023-05-18,0.0070110480,5.7663689324
2023-05-19,0.0048999045,5.7946235894
2023-05-20,0.0008247176,5.7994025175
2023-05-21,0.0030471321,5.8170740631
2023-05-22,0.0042493518,5.8417928571
2023-05-23,-0.0009706234,5.8361226763
2023-05-24,0.0014145468,5.8443781451
2023-05-25,0.0034992910,5.8648293249
2023-05-26,0.0074946936,5.9087844238
2023-05-27,-0.0094824623,5.8527545982
2023-05-28,0.0080573588,5.8999123422
2023-05-29,0.0053466916,5.9314573539
2023-05-30,0.0116442344,6.0005246338
2023-05-31,-0.0027576531,5.9839772686
2023-06-01,0.0057320136,6.0182775079
2023-06-02,-0.0022242166,6.0048915550
2023-06-03,-0.0018262284,5.9939252517
2023-06-04,-0.0049660333,5.9641592195
2023-06-05,-0.0061799236,5.9273011711
2023-06-06,0.0036448855,5.9489055054
2023-06-07,-0.0076951257,5.9031279297
2023-06-08,0.0020035073,5.9149548895
2023-06-09,-0.0103593321,5.8536799072
2023-06-10,0.0240857264,5.9946700398
2023-06-11,-0.0011327892,5.9878793426
2023-06-12,0.0033925711,6.0081936487
2023-06-13,0.0035782111,6.0296922337
2023-06-14,0.0037857075,6.0525188847
2023-06-15,-0.0133432422,5.9717586590
2023-06-16,-0.0009485690,5.9660940337
2023-06-17,0.0096247441,6.0235161623
2023-06-18,0.0071133083,6.0663632895
2023-06-19,-0.0001264354,6.0655962864
2023-06-20,-0.0038492854,6.0422480751
2023-06-21,-0.0022286916,6.0287817675
2023-06-22,0.0022529175,6.0423641152
2023-06-23,0.0048124954,6.0714429647
2023-06-24,-0.0094866131,6.0138455342
2023-06-25,0.0093543590,6.0701012041
2023-06-26,-0.0083047045,6.0196908073
2023-06-27,0.0015785758,6.0291933452
2023-06-28,-0.0014287379,6.0205792080
2023-06-29,0.0033787842,6.0409214456
2023-06-30,-0.0034620604,6.0200074108
2023-07-01,0.0103765923,6.0824745732
2023-07-02,-0.0032374209,6.0627830428
2023-07-03,-0.0048978914,6.0330881897
2023-07-04,-0.0006574900,6.0291214945
2023-07-05,-0.0014485729,6.0203878724
2023-07-06,-0.0006835006,6.0162729339
2023-07-07,0.0017995807,6.0270997025
2023-07-08,0.0092606609,6.0829146293
2023-07-09,-0.0026183050,6.0669877038
2023-07-10,0.0134074397,6.1483304754
2023-07-11,0.0091978695,6.2048820171
2023-07-12,-0.0035576343,6.1828073160
2023-07-13,-0.0257643400,6.0235113662
2023-07-14,-0.0191577463,5.9081144638
2023-07-15,-0.0102599534,5.8474974848
2023-07-16,-0.0046280119,5.8204351966
2023-07-17,0.0037779940,5.8424247661
2023-07-18,0.0045359640,5.8689257943
2023-07-19,-0.0048619457,5.8403913956
2023-07-20,0.0059537396,5.8751635653
2023-07-21,-0.0033656693,5.8553897078
2023-07-22,0.0030804956,5.8734272100
2023-07-23,-0.0000186599,5.8733176126
2023-07-24,-0.0086314583,5.8226223165
2023-07-25,-0.0171751679,5.7226178004
2023-07-26,-0.0025199891,5.7081968661
2023-07-27,0.0025250876,5.7226105632
2023-07-28,-0.0018193462,5.7121991532
2023-07-29,-0.0057200045,5.6795253482
2023-07-30,-0.0004137393,5.6771755054
2023-07-31,0.0023941672,5.6907676129
2023-08-01,0.0050542032,5.7195299089
2023-08-02,-0.0011641885,5.7128712979
2023-08-03,0.0018030341,5.7231717995
2023-08-04,0.0008789168,5.7282019915
2023-08-05,-0.0001266872,5.7274763018
2023-08-06,0.0031368508,5.7454425401
2023-08-07,-0.0045408940,5.7193530945
2023-08-08,-0.0002138029,5.7181302802
2023-08-09,-0.0035446087,5.6978617458
2023-08-10,-0.0041941148,5.6739642598
2023-08-11,0.0007406066,5.6781664350
2023-08-12,-0.0006799106,5.6743057895
2023-08-13,0.0030068546,5.6913676017
2023-08-14,-0.0009483713,5.6859700720
2023-08-15,-0.0045894522,5.6598745844
2023-08-16,-0.0027061066,5.6445583604
2023-08-17,0.0024402433,5.6583324560
2023-08-18,0.0611791185,6.0045042480
2023-08-19,-0.0005767083,6.0010414005
2023-08-20,-0.0050132584,5.9709566294
2023-08-21,-0.0137495170,5.8888588598
2023-08-22,-0.0003244609,5.8869481552
2023-08-23,0.0025066338,5.9017045785
2023-08-24,0.0062741380,5.9387326875
2023-08-25,0.0040707076,5.9629075317
2023-08-26,0.0004292624,5.9654671835
2023-08-27,0.0020238347,5.9775403032
2023-08-28,0.0054737246,6.0102597125
2023-08-29,-0.0032049547,5.9909971025
2023-08-30,-0.0073661842,5.9468663140
2023-08-31,-0.0096040925,5.8897520597
2023-09-01,-0.0030660670,5.8716936851
2023-09-02,0.0033484615,5.8913548255
2023-09-03,-0.0000854844,5.8908512063
2023-09-04,0.0007047448,5.8950027533
2023-09-05,0.0013324237,5.9028573948
2023-09-06,-0.0024451505,5.8884240199
2023-09-07,0.0033911064,5.9083922920
2023-09-08,-0.0056761167,5.8748555680
2023-09-09,-0.0015443431,5.8657827751
2023-09-10,-0.0093906438,5.8106992985
2023-09-11,0.0010818458,5.8169855790
2023-09-12,-0.0039393002,5.7940707268
2023-09-13,-0.0001432465,5.7932407464
2023-09-14,0.0025831624,5.8082056280
2023-09-15,0.0051069711,5.8378679662
2023-09-16,0.0045018553,5.8641492033
2023-09-17,-0.0010273080,5.8581249160
2023-09-18,-0.0046750358,5.8307379726
2023-09-19,-0.0027374437,5.8147766558
2023-09-20,-0.0065129290,5.7769054284
2023-09-21,-0.0069123448,5.7369734663
2023-09-22,-0.0077758986,5.6923633421
2023-09-23,-0.0004140711,5.6900062992
2023-09-24,-0.0027133534,5.6745673015
2023-09-25,0.0013108039,5.6820055462
2023-09-26,0.0008774249,5.6869910794
2023-09-27,-0.0030743648,5.6695071940
2023-09-28,0.0037919282,5.6910055579
2023-09-29,-0.0001929388,5.6899075421
2023-09-30,0.0029992637,5.7069730752
2023-10-01,0.0074626197,5.7495620449
2023-10-02,-0.0013657566,5.7417095427
2023-10-03,-0.0100814813,5.6838246052
2023-10-04,-0.0044061970,5.6587805542
2023-10-05,-0.0089261680,5.6082693280
2023-10-06,0.0027757303,5.6238363709
2023-10-07,0.0052543290,5.6533858573
2023-10-08,0.0015623809,5.6622185993
2023-10-09,0.0035574015,5.6823613845
2023-10-10,0.0025192537,5.6966766947
2023-10-11,-0.0072594058,5.6553222071
2023-10-12,-0.0021541439,5.6431398294
2023-10-13,0.0052722109,5.6728916530
2023-10-14,0.0003175060,5.6746928302
2023-10-15,0.0027565928,5.6903356476
2023-10-16,0.0074392754,5.7326676215
2023-10-17,0.0001964284,5.7337936805
2023-10-18,-0.0001820290,5.7327499636
2023-10-19,-0.0051455328,5.7032519105
2023-10-20,0.0023533314,5.7166735522
2023-10-21,-0.0108021481,5.6549211977
2023-10-22,-0.0007434447,5.6507170767
2023-10-23,0.0039751295,5.6731794091
2023-10-24,-0.0096977286,5.6181624552
2023-10-25,0.0106831522,5.6781821397
2023-10-26,-0.0102424481,5.6200236540
2023-10-27,-0.0070001811,5.5806824704
2023-10-28,-0.0053793739,5.5506618927
2023-10-29,0.0021800069,5.5627623740
2023-10-30,0.0066537982,5.5997758722
2023-10-31,-0.0009261685,5.5945895361
2023-11-01,0.0035050701,5.6141989644
2023-11-02,0.0062739025,5.6494219012
2023-11-03,0.0002375095,5.6507636923
2023-11-04,-0.0046077774,5.6247262310
2023-11-05,-0.0136885038,5.5477321449
2023-11-06,-0.0274100330,5.3956686239
2023-11-07,0.0105345333,5.4525094746
2023-11-08,-0.0095789410,5.4002802080
2023-11-09,0.0269177611,5.5456436605
2023-11-10,0.0163467608,5.6362969712
2023-11-11,0.0017397207,5.6461025536
2023-11-12,-0.0185163005,5.5415576220
2023-11-13,-0.0152774859,5.4568965538
2023-11-14,-0.0044956936,5.4323640190
2023-11-15,0.0053283745,5.4613096891
2023-11-16,-0.0077414883,5.4190310239
2023-11-17,-0.0234602434,5.2918992370
2023-11-18,0.0145509482,5.3689013888
2023-11-19,0.0108136377,5.4269587433
2023-11-20,0.0121634057,5.4929690440
2023-11-21,-0.0127166453,5.4231169052
2023-11-22,-0.0055911524,5.3927954324
2023-11-23,0.0009133633,5.3977210139
2023-11-24,-0.0017265859,5.3884013850
2023-11-25,-0.0018991160,5.3781681857
2023-11-26,-0.0004937437,5.3755127489
2023-11-27,-0.0048285430,5.3495568543
2023-11-28,0.0018969174,5.3597045218
2023-11-29,0.0039092054,5.3806567074
2023-11-30,-0.0002186941,5.3794799898
2023-12-01,-0.0000036326,5.3794604485
2023-12-02,0.0103875562,5.4353398965
2023-12-03,0.0028062444,5.4505927887
2023-12-04,-0.0003358032,5.4487624622
2023-12-05,0.0090916815,5.4983008751
2023-12-06,-0.0105326752,5.4403890581
2023-12-07,0.0041508544,5.4629713212
2023-12-08,-0.0162469118,5.3742149080
2023-12-09,0.0053866582,5.4031639668
2023-12-10,-0.0000358751,5.4029701278
2023-12-11,-0.0073192366,5.3634245108
2023-12-12,0.0120135891,5.4278584889
2023-12-13,0.0080796026,5.4717134284
2023-12-14,-0.0040579364,5.4495095634
2023-12-15,-0.0128333704,5.3795739887
2023-12-16,-0.0093842024,5.3290909776
2023-12-17,0.0019819394,5.3396529131
2023-12-18,-0.0001751972,5.3387174209
2023-12-19,0.0143155029,5.4151438454
2023-12-20,0.0032878364,5.4329479522
2023-12-21,0.0262257587,5.5754311342
2023-12-22,-0.0051301660,5.5468282467
2023-12-23,0.0098612681,5.6015270072
2023-12-24,0.0033422088,5.6202484803
2023-12-25,-0.0099115630,5.5645430333
2023-12-26,0.0365798043,5.7680929286
2023-12-27,-0.0209818144,5.6470678731
2023-12-28,-0.0033998797,5.6278685218
2023-12-29,0.0011047328,5.6340858127
2023-12-30,0.0106228334,5.6939357675
2023-12-31,-0.0003661705,5.6918508162
2024-01-01,-0.0125211784,5.6205821369
2024-01-02,0.0027930845,5.6362808979
2024-01-03,0.0153763588,5.7229463754
2024-01-04,-0.0063036102,5.6868711522
2024-01-05,0.0083121698,5.7341413908
2024-01-06,-0.0010189164,5.7282987801
2024-01-07,-0.0059366484,5.6942918844
2024-01-08,-0.0060927885,5.6595977684
2024-01-09,0.0026631760,5.6746702733
2024-01-10,0.0046181119,5.7008765356
2024-01-11,-0.0035497456,5.6806398740
2024-01-12,-0.0015332697,5.6719299212
2024-01-13,0.0073398642,5.7135611163
2024-01-14,0.0090464408,5.7652485088
2024-01-15,0.0077009756,5.8096465467
2024-01-16,-0.0007202278,5.8054622775
2024-01-17,-0.0004176737,5.8030374884
2024-01-18,0.0053664917,5.8341794409
2024-01-19,-0.0009310166,5.8287477231
2024-01-20,0.0010057771,5.8346101439
2024-01-21,0.0008830400,5.8397623381
2024-01-22,-0.0019316711,5.8284818382
2024-01-23,-0.0121862981,5.7574542211
2024-01-24,-0.0039687198,5.7346044983
2024-01-25,0.0020525892,5.7463752854
2024-01-26,0.0044817517,5.7721291127
2024-01-27,0.0060966616,5.8073198309
2024-01-28,0.0036662524,5.8286109309
2024-01-29,-0.0038918211,5.8059270199
2024-01-30,0.0101398030,5.8647979759
2024-01-31,-0.0091378389,5.8112063966
2024-02-01,-0.0167038566,5.7141368382
2024-02-02,-0.0045449544,5.6881663470
2024-02-03,-0.0016813489,5.6786025548
2024-02-04,0.0099752837,5.7352482265
2024-02-05,-0.0007649530,5.7308610312
2024-02-06,0.0077454588,5.7752491794
2024-02-07,0.0036056020,5.7960724292
2024-02-08,0.0151941445,5.8841387909
2024-02-09,0.0077542215,5.9297657067
2024-02-10,-0.0071504974,5.8873649323
2024-02-11,0.0041932939,5.9120523835
2024-02-12,0.0141761576,5.9958625698
2024-02-13,0.0044641232,6.0226288387
2024-02-14,-0.0025089953,6.0075180914
2024-02-15,0.0076359132,6.0533909779
2024-02-16,0.0066754777,6.0938002543
2024-02-17,-0.0051013524,6.0627136319
2024-02-18,-0.0002866891,6.0609755181
2024-02-19,-0.0031144400,6.0420989737
2024-02-20,0.0169028800,6.1442278476
2024-02-21,0.0219096004,6.2788454246
2024-02-22,0.0034290541,6.3003759255
2024-02-23,-0.0028446878,6.2824533228
2024-02-24,-0.0001472225,6.2815284041
2024-02-25,0.0137072604,6.3676309497
2024-02-26,0.0145797501,6.4604694177
2024-02-27,0.0138846744,6.5501709318
2024-02-28,0.0268579720,6.7260952390
2024-02-29,-0.0328837406,6.5049160677
2024-03-01,-0.0123160887,6.4248009442
2024-03-02,-0.0219443977,6.2838125572
2024-03-03,0.0190842184,6.4037342083
2024-03-04,0.0141354820,6.4942540777
2024-03-05,0.0142095186,6.5865343020
2024-03-06,0.0167409104,6.6967988826
2024-03-07,-0.0232464914,6.5411218049
2024-03-08,0.0135477238,6.6297391167
2024-03-09,0.0011009313,6.6370380043
2024-03-10,0.0049604104,6.6699604368
2024-03-11,-0.0278229113,6.4843827189
2024-03-12,0.0115613049,6.5593506443
2024-03-13,0.0402437801,6.8233237092
2024-03-14,-0.0168463360,6.7083757051
2024-03-15,-0.0203935383,6.5715681882
2024-03-16,-0.0158167075,6.4676276161
2024-03-17,-0.0208174934,6.3329878211
2024-03-18,-0.0074813241,6.2856086865
2024-03-19,-0.0046623572,6.2563029334
2024-03-20,-0.0033152838,6.2355615136
2024-03-21,0.0075436893,6.2826006521
2024-03-22,-0.0009226187,6.2768042075
2024-03-23,-0.0034826475,6.2549443113
2024-03-24,-0.0019856604,6.2425241162
2024-03-25,0.0032327298,6.2627045101
2024-03-26,0.0114053328,6.3341327394
2024-03-27,0.0003361088,6.3362616971
2024-03-28,-0.0131779816,6.2527625567
2024-03-29,-0.0058946440,6.2159047474
2024-03-30,0.0100956407,6.2786582883
2024-03-31,-0.0023462203,6.2639271730
2024-04-01,0.0002539172,6.2655176920
2024-04-02,0.0049882506,6.2967716641
2024-04-03,0.0054083923,6.3308270755
2024-04-04,0.0041338520,6.3569977779
2024-04-05,-0.0019384948,6.3446747706
2024-04-06,-0.0039659688,6.3195119886
2024-04-07,-0.0073203556,6.2732509138
2024-04-08,-0.0103343792,6.2084207602
2024-04-09,0.0057794672,6.2443021241
2024-04-10,0.0051180254,6.2762606211
2024-04-11,-0.0000318324,6.2760608326
2024-04-12,-0.0399900661,6.0250807453
2024-04-13,-0.0213258341,5.8965908726
2024-04-14,-0.0018693383,5.8855681497
2024-04-15,0.0026523621,5.9011788075
2024-04-16,-0.0033676566,5.8813056636
2024-04-17,0.0067756256,5.9211551889
2024-04-18,0.0025921504,5.9365037135
2024-04-19,-0.0030087498,5.9186422590
2024-04-20,-0.0018423590,5.9077379954
2024-04-21,0.0069034949,5.9485220344
2024-04-22,0.0128344794,6.0248682178
2024-04-23,-0.0014555547,6.0160986926
2024-04-24,0.0076341662,6.0620265901
2024-04-25,-0.0002792424,6.0603338151
2024-04-26,-0.0078754580,6.0126059104
2024-04-27,0.0040170416,6.0367587983
2024-04-28,0.0094228770,6.0936424336
2024-04-29,0.0059986043,6.1301957833
2024-04-30,-0.0005497899,6.1268254637
2024-05-01,-0.0008468955,6.1216366830
2024-05-02,0.0007796653,6.1264095105
2024-05-03,0.0016188483,6.1363272379
2024-05-04,0.0070389368,6.1795204573
2024-05-05,0.0029771909,6.1979180697
2024-05-06,0.0024471075,6.2130850416
2024-05-07,0.0027908975,6.2304251254
2024-05-08,0.0135127345,6.3146152057
2024-05-09,-0.0039586318,6.2896179688
2024-05-10,0.0049635274,6.3208366597
2024-05-11,0.0004432311,6.3236382508
2024-05-12,0.0041635699,6.3499671608
2024-05-13,-0.0029117899,6.3314773904
2024-05-14,-0.0068770308,6.2879356254
2024-05-15,-0.0008691234,6.2824706331
2024-05-16,0.0258921540,6.4451373303
2024-05-17,0.0039792065,6.4707838625
2024-05-18,-0.0016609519,6.4600362014
2024-05-19,0.0020433404,6.4732362544
2024-05-20,-0.0027687774,6.4553133039
2024-05-21,0.0089019846,6.5127784036
2024-05-22,0.0034625986,6.5353295410
2024-05-23,0.0016747771,6.5462747610
2024-05-24,0.0018652814,6.5584854058
2024-05-25,-0.0054193498,6.5229426794
2024-05-26,0.0007158373,6.5276120449
2024-05-27,-0.0028217891,6.5091925006
2024-05-28,0.0047192785,6.5399111926
2024-05-29,0.0004165821,6.5426356024
2024-05-30,0.0069112644,6.5878534872
2024-05-31,-0.0053057075,6.5529002632
2024-06-01,0.0027235721,6.5707475593
2024-06-02,0.0039380633,6.5966235790
2024-06-03,-0.0098477052,6.5316619747
2024-06-04,-0.0125003430,6.4500139595
2024-06-05,-0.0001069531,6.4493241108
2024-06-06,-0.0046877915,6.4190910241
2024-06-07,0.0119294613,6.4956673219
2024-06-08,0.0100542802,6.5609765812
2024-06-09,-0.0049700105,6.5283684590
2024-06-10,-0.0092746176,6.4678203382
2024-06-11,-0.0029419093,6.4487925977
2024-06-12,0.0004239291,6.4515264285
2024-06-13,-0.0031135024,6.4314395854
2024-06-14,0.0026186263,6.4482811222
2024-06-15,0.0046430751,6.4782209759
2024-06-16,-0.0005252194,6.4748184888
2024-06-17,-0.0197577866,6.3468904070
2024-06-18,-0.0070623619,6.3020663698
2024-06-19,0.0033301661,6.3230532977
2024-06-20,-0.0032040172,6.3027941261
2024-06-21,-0.0016426299,6.2924409683
2024-06-22,0.0078924601,6.3421038075
2024-06-23,-0.0010954258,6.3351565032
2024-06-24,0.0050241849,6.3669855005
2024-06-25,0.0011372073,6.3742260830
2024-06-26,0.0054132508,6.4087313678
2024-06-27,0.0164889434,6.5144045762
2024-06-28,0.0017309901,6.5256809460
2024-06-29,-0.0004597382,6.5226808409
2024-06-30,0.0046687501,6.5531336077
2024-07-01,0.0021593390,6.5672840444
2024-07-02,0.0115710279,6.6432742717
2024-07-03,-0.0052084941,6.6086728169
2024-07-04,-0.0092212471,6.5477326116
2024-07-05,0.0152529151,6.6476046210
2024-07-06,0.0165239575,6.7574493573
2024-07-07,-0.0055087893,6.7202239928
2024-07-08,-0.0013707300,6.7110123801
2024-07-09,0.0028303320,6.7300067735
2024-07-10,0.0088912569,6.7898449929
2024-07-11,0.0109861671,6.8644393646
2024-07-12,-0.0052127465,6.8286567821
2024-07-13,-0.0329182532,6.6038693291
2024-07-14,0.0044766389,6.6334324677
2024-07-15,0.0054516002,6.6695952895
2024-07-16,0.0042661520,6.6980487966
2024-07-17,-0.0176192573,6.5800341517
2024-07-18,0.0081175412,6.6334478500
2024-07-19,-0.0013923469,6.6242117897
2024-07-20,-0.0055786904,6.5872573633
2024-07-21,0.0101644266,6.6542130574
2024-07-22,0.0045933133,6.6847779427
2024-07-23,0.0161260975,6.7925773238
2024-07-24,-0.0159460494,6.6842625499
2024-07-25,0.0064386629,6.7273002634
2024-07-26,-0.0078410386,6.6745512426
2024-07-27,-0.0008429665,6.6689248195
2024-07-28,-0.0004047854,6.6662253360
2024-07-29,0.0030952547,6.6868590013
2024-07-30,-0.0040611548,6.6597026319
2024-07-31,-0.0010731688,6.6525556465
2024-08-01,0.0093486089,6.7147477874
2024-08-02,0.0006833199,6.7193361079
2024-08-03,0.0026850500,6.7373778615
2024-08-04,-0.0047008962,6.7057061476
2024-08-05,-0.0089817196,6.6454773754
2024-08-06,0.0071378588,6.6929118544
2024-08-07,-0.0056459298,6.6551241439
2024-08-08,-0.0021882036,6.6405613771
2024-08-09,0.0028067431,6.6591997270
2024-08-10,-0.0037160543,6.6344537794
2024-08-11,0.0005237199,6.6379283749
2024-08-12,0.0048887737,6.6703797047
2024-08-13,-0.0045093960,6.6403003211
2024-08-14,0.0007524545,6.6452968452
2024-08-15,-0.0062716845,6.6036196399
2024-08-16,0.0069119810,6.6492637332
2024-08-17,0.0045434134,6.6794740870
2024-08-18,0.0015576442,6.6898783308
2024-08-19,-0.0059774988,6.6498895914
2024-08-20,0.0047174886,6.6812603695
2024-08-21,0.0049987146,6.7146580832
2024-08-22,0.0071175569,6.7624500445
2024-08-23,-0.0017539965,6.7505887306
2024-08-24,-0.0079273291,6.6970745919
2024-08-25,0.0059778188,6.7371084904
2024-08-26,-0.0049710576,6.7036179360
2024-08-27,0.0001382708,6.7045448504
2024-08-28,-0.0010468956,6.6975258919
2024-08-29,-0.0022117789,6.6827124455
2024-08-30,0.0079222807,6.7356547692
2024-08-31,-0.0046732006,6.7041777030
2024-09-01,-0.0040529359,6.6770061006
2024-09-02,0.0026540530,6.6947272288
2024-09-03,0.0047163290,6.7263017648
2024-09-04,0.0013748092,6.7355491466
2024-09-05,0.0111781556,6.8108401631
2024-09-06,0.0156007937,6.9170946753
2024-09-07,0.0020465931,6.9312511538
2024-09-08,0.0033805036,6.9546822730
2024-09-09,0.0037202038,6.9805551086
2024-09-10,0.0048294711,7.0142674980
2024-09-11,-0.0019623823,7.0005028235
2024-09-12,-0.0006631054,6.9958607526
2024-09-13,-0.0016544014,6.9842867909
2024-09-14,0.0030060082,7.0052816141
2024-09-15,0.0045347615,7.0370488958
2024-09-16,0.0060335565,7.0795073279
2024-09-17,0.0076168188,7.1334306525
2024-09-18,0.0059658160,7.1759873872
2024-09-19,0.0073780093,7.2289318891
2024-09-20,0.0004605692,7.2322613128
2024-09-21,0.0033960258,7.2568222590
2024-09-22,0.0046764118,7.2907581481
2024-09-23,-0.0051819812,7.2529775763
2024-09-24,-0.0129313810,7.1591865600
2024-09-25,-0.0086425848,7.0973126828
2024-09-26,-0.0045211106,7.0652249469
2024-09-27,-0.0006298219,7.0607751136
2024-09-28,-0.0025167226,7.0430051015
2024-09-29,0.0062020267,7.0866860071
2024-09-30,0.0099703032,7.1573424156
2024-10-01,0.0072113837,7.2089567579
2024-10-02,0.0214588177,7.3636524470
2024-10-03,0.0018497365,7.3772732635
2024-10-04,0.0042762695,7.4088204721
2024-10-05,0.0033908639,7.4339427742
2024-10-06,0.0049929348,7.4710599656
2024-10-07,0.0009893867,7.4784517331
2024-10-08,0.0133370422,7.5781921593
2024-10-09,-0.0049635416,7.5405774870
2024-10-10,-0.0066709028,7.4902750273
2024-10-11,0.0057584451,7.5334073651
2024-10-12,0.0018103298,7.5470453166
2024-10-13,0.0031359672,7.5707126029
2024-10-14,-0.0028271898,7.5493087611
2024-10-15,0.0008319445,7.5555893667
2024-10-16,-0.0019723561,7.5406870539
2024-10-17,-0.0069423488,7.4883369745
2024-10-18,-0.0049613694,7.4511845686
2024-10-19,0.0050605134,7.4888913881
2024-10-20,0.0064088978,7.5368869276
2024-10-21,-0.0082502822,7.4747054838
2024-10-22,0.0005390575,7.4787347796
2024-10-23,0.0032380482,7.5029512833
2024-10-24,0.0030362876,7.5257324011
2024-10-25,-0.0074941210,7.4693336522
2024-10-26,0.0050262229,7.5068761880
2024-10-27,0.0043804167,7.5397594335
2024-10-28,0.0004000176,7.5427754699
2024-10-29,-0.0123680756,7.4494858530
2024-10-30,-0.0164794733,7.3267222494
2024-10-31,0.0057487762,7.3688419357
2024-11-01,-0.0054425200,7.3287368661
2024-11-02,-0.0020790871,7.3134997835
2024-11-03,-0.0003603828,7.3108641241
2024-11-04,-0.0010929715,7.3028735579
2024-11-05,0.0044777234,7.3355738056
2024-11-06,-0.0045447749,7.3022352741
2024-11-07,-0.0055270000,7.2618758199
2024-11-08,0.0059230041,7.3048879402
2024-11-09,-0.0028635069,7.2839703432
2024-11-10,0.0101638455,7.3580034927
2024-11-11,0.0166105038,7.4802236373
2024-11-12,0.0058365723,7.5238825037
2024-11-13,-0.0001020638,7.5231145878
2024-11-14,-0.0354186160,7.2566562812
2024-11-15,-0.0383986499,6.9780104770
2024-11-16,0.0053922703,7.0156377953
2024-11-17,-0.0132510234,6.9226734144
2024-11-18,0.0090593307,6.9853882023
2024-11-19,-0.0160733088,6.8731099007
2024-11-20,-0.0026297032,6.8550356619
2024-11-21,-0.0033742343,6.8319051652
2024-11-22,0.0395430321,7.1020594107
2024-11-23,0.0467261029,7.4339109698
2024-11-24,0.0059665834,7.4782660198
2024-11-25,-0.0216287212,7.3165206888
2024-11-26,-0.0015747120,7.3049992761
2024-11-27,-0.0217173605,7.1463539734
2024-11-28,0.0124570184,7.2353762366
2024-11-29,0.0097196274,7.3057013977
2024-11-30,-0.0201078701,7.1587993032
2024-12-01,0.0000800280,7.1593722074
2024-12-02,-0.0476765386,6.8180381217
2024-12-03,-0.0424533510,6.5285895565
2024-12-04,0.0025036750,6.5449350231
2024-12-05,-0.0031085433,6.5245898093
2024-12-06,0.0110721290,6.5968309093
2024-12-07,0.0049765299,6.6296602353
2024-12-08,-0.0102446171,6.5617419046
2024-12-09,0.0079060786,6.6136195518
2024-12-10,0.0038091602,6.6388118884
2024-12-11,0.0035976054,6.6626957142
2024-12-12,-0.0209369710,6.5231990474
2024-12-13,0.0105941299,6.5923066656
2024-12-14,0.0019996855,6.6054892059
2024-12-15,0.0039213420,6.6313915880
2024-12-16,0.0046003305,6.6618981811
2024-12-17,0.0079350202,6.7147604774
2024-12-18,-0.0002334298,6.7131930522
2024-12-19,0.0077009847,6.7648912491
2024-12-20,-0.0021337625,6.7504565781
2024-12-21,-0.0023652616,6.7344899822
2024-12-22,0.0028313580,6.7535577343
2024-12-23,0.0175774677,6.8722681774
2024-12-24,-0.0087172079,6.8123611870
2024-12-25,0.0016116908,6.8233406066
2024-12-26,0.0069464521,6.8707386154
2024-12-27,0.0062791936,6.9138813134
2024-12-28,0.0163308294,7.0267907292
2024-12-29,-0.0055346711,6.9878997535
2024-12-30,0.0040145348,7.0159529202
2024-12-31,-0.0007893928,7.0104145772
2025-01-01,-0.0019456755,6.9967745850
2025-01-02,0.0031691820,7.0189486374
2025-01-03,-0.0070755535,6.9692856910
2025-01-04,0.0047687207,7.0025202677
2025-01-05,-0.0067104654,6.9555300977
2025-01-06,0.0097566298,7.0233926300
2025-01-07,0.0066182380,7.0698751142
2025-01-08,0.0122557292,7.1565215887
2025-01-09,-0.0052913480,7.1186539426
2025-01-10,-0.0009225622,7.1120865412
2025-01-11,-0.0073476211,7.0598296243
2025-01-12,0.0058605183,7.1012038846
2025-01-13,0.0061667599,7.1449953043
2025-01-14,-0.0079456363,7.0882237704
2025-01-15,-0.0218213192,6.9335493766
2025-01-16,0.0024197397,6.9503267613
2025-01-17,0.0081499863,7.0069718291
2025-01-18,0.0383121109,7.2754237106
2025-01-19,-0.0023627325,7.2582338304
2025-01-20,-0.0089582716,7.1932126001
2025-01-21,-0.0017279607,7.1807830116
2025-01-22,0.0123431975,7.2694168343
2025-01-23,-0.0134432662,7.1716921289
2025-01-24,0.0002333000,7.1733652850
2025-01-25,-0.0002716418,7.1714166991
2025-01-26,-0.0130842265,7.0775842587
2025-01-27,0.0170346699,7.1981485703
2025-01-28,-0.0065141105,7.1512590350
2025-01-29,-0.0047014189,7.1176379704
2025-01-30,0.0001335719,7.1185886867
2025-01-31,-0.0008927179,7.1122337955
2025-02-01,-0.0094504561,7.0450199423
2025-02-02,0.0137378552,7.1418034059
2025-02-03,0.0070744198,7.1923275210
2025-02-04,0.0071418551,7.2436940822
2025-02-05,-0.0001918635,7.2423042816
2025-02-06,-0.0129562357,7.1484712801
2025-02-07,-0.0009819399,7.1414519105
2025-02-08,0.0201855377,7.2856059575
2025-02-09,-0.0000004173,7.2856029170
2025-02-10,0.0013783875,7.2956453013
2025-02-11,0.0281545977,7.5010512601
2025-02-12,0.0038588153,7.5299964315
2025-02-13,-0.0007138827,7.5246208972
2025-02-14,-0.0060619690,7.4790068788
2025-02-15,-0.0046542621,7.4441976207
2025-02-16,0.0028217164,7.4652030352
2025-02-17,0.0043778510,7.4978845821
2025-02-18,-0.0075218468,7.4414866432
2025-02-19,-0.0047798773,7.4059172501
2025-02-20,0.0063399590,7.4528704619
2025-02-21,-0.0045692353,7.4188165433
2025-02-22,-0.0004748002,7.4152940881
2025-02-23,-0.0032568707,7.3911434342
2025-02-24,-0.0140154581,7.2875531732
2025-02-25,0.0072265656,7.3402171542
2025-02-26,0.0238974423,7.5156295700
2025-02-27,0.0075614800,7.5724588530
2025-02-28,-0.0005946962,7.5679555402
2025-03-01,0.0079765413,7.6283216500
2025-03-02,-0.0959860466,6.8961092129
2025-03-03,0.0238172867,7.0603558233
2025-03-04,-0.0025510174,7.0423447329
2025-03-05,0.0038736762,7.0696244959
2025-03-06,-0.0091455047,7.0049692118
2025-03-07,0.0071706249,7.0551992183
2025-03-08,-0.0046909819,7.0221034062
2025-03-09,0.0107413228,7.0975300857
2025-03-10,0.0130008466,7.1898039858
2025-03-11,0.0014561672,7.2002735425
2025-03-12,0.0037049042,7.2269498663
2025-03-13,0.0119692926,7.3134513441
2025-03-14,0.0028315418,7.3341596873
2025-03-15,0.0098693597,7.4065431477
2025-03-16,0.0018597573,7.4203175200
2025-03-17,0.0052182098,7.4590382937
2025-03-18,-0.0032131082,7.4350715966
2025-03-19,0.0018412292,7.4487612675
2025-03-20,0.0025234457,7.4675578123
2025-03-21,-0.0017535735,7.4544629010
2025-03-22,-0.0044279207,7.4214551301
2025-03-23,-0.0048328086,7.3855886580
2025-03-24,0.0016435568,7.3977272926
2025-03-25,-0.0202625438,7.2478305194
2025-03-26,-0.0063582959,7.2017466684
2025-03-27,0.0125984671,7.2924776367
2025-03-28,0.0060640578,7.3366996429
2025-03-29,0.0072735704,7.3900636445
2025-03-30,-0.0012716720,7.3806659075
2025-03-31,-0.0011385484,7.3722626625
2025-04-01,-0.0052321842,7.3336896264
2025-04-02,-0.0047942627,7.2985299915
2025-04-03,-0.0013359699,7.2887793749
2025-04-04,0.0110457053,7.3692890839
2025-04-05,-0.0010057382,7.3618775080
2025-04-06,-0.0030285350,7.3395818043
2025-04-07,-0.0005604576,7.3354682800
2025-04-08,0.0006766295,7.3404316739
2025-04-09,-0.0043471122,7.3085219941
2025-04-10,0.0040623750,7.3382119509
2025-04-11,-0.0083742232,7.2767601263
2025-04-12,0.0101168847,7.3503782698
2025-04-13,-0.0024709497,7.3322158546
2025-04-14,0.0074917142,7.3871467199
2025-04-15,-0.0044050200,7.3546061907
2025-04-16,-0.0001564906,7.3534552640
2025-04-17,0.0009864534,7.3607091049
2025-04-18,0.0040436675,7.3904733653
2025-04-19,-0.0078879110,7.3321779694
2025-04-20,-0.0034347628,7.3069936771
2025-04-21,0.0028612154,7.3279005598
2025-04-22,-0.0004394593,7.3246802458
2025-04-23,-0.0099149640,7.2520563051
2025-04-24,0.0029128172,7.2731802198
2025-04-25,0.0018027278,7.2862917841
2025-04-26,0.0059540674,7.3296748568
2025-04-27,0.0048360320,7.3651213987
2025-04-28,-0.0052358306,7.3265588705
2025-04-29,0.0033034636,7.3507618910
2025-04-30,0.0076318023,7.4068614524
2025-05-01,-0.0010968084,7.3987375445
2025-05-02,-0.0045545239,7.3650398175
2025-05-03,0.0053032488,7.4040984564
2025-05-04,-0.0042658833,7.3725134363
2025-05-05,0.0112797508,7.4556735509
2025-05-06,0.0035448143,7.4821025292
2025-05-07,-0.0046627884,7.4472150685
2025-05-08,-0.0260376534,7.2533070637
2025-05-09,0.0068095814,7.3026990489
2025-05-10,-0.0294544341,7.0876021808
2025-05-11,0.0017543652,7.1000364235
2025-05-12,0.0039472580,7.1280620991
2025-05-13,-0.0002995375,7.1259269770
2025-05-14,0.0006797942,7.1307711405
2025-05-15,0.0142563338,7.2324297944
2025-05-16,-0.0016486551,7.2205060122
2025-05-17,0.0027670719,7.2404856712
2025-05-18,0.0167158808,7.3615167664
2025-05-19,0.0001799454,7.3628414378
2025-05-20,0.0002418455,7.3646221076
2025-05-21,0.0045264939,7.3979580243
2025-05-22,-0.0015302142,7.3866375637
2025-05-23,-0.0010279453,7.3790445044
2025-05-24,0.0058950729,7.4225445095
2025-05-25,-0.0014732191,7.4116094753
2025-05-26,-0.0027810370,7.3909975150
2025-05-27,-0.0013680572,7.3808862073
2025-05-28,0.0009940314,7.3882230398
2025-05-29,-0.0043524530,7.3560661460
2025-05-30,-0.0036729451,7.3290477192
2025-05-31,-0.0014345162,7.3185340814
2025-06-01,-0.0031262942,7.2956541906
2025-06-02,-0.0029665173,7.2740115064
2025-06-03,0.0009512568,7.2809309593
2025-06-04,-0.0000276950,7.2807293139
2025-06-05,-0.0060617223,7.2365955548
2025-06-06,0.0010786274,7.2444011450
2025-06-07,0.0046511677,7.2780960698
2025-06-08,-0.0047186682,7.2437531496
2025-06-09,-0.0015149804,7.2327790053
2025-06-10,0.0040185905,7.2618445822
2025-06-11,-0.0025549370,7.2432910270
2025-06-12,0.0025855984,7.2620192689
2025-06-13,0.0071147666,7.3136868410
2025-06-14,-0.0052684654,7.2751549349
2025-06-15,0.0038128419,7.3028939505
2025-06-16,0.0026584861,7.3223085929
2025-06-17,-0.0052362137,7.2839674203
2025-06-18,-0.0032351465,7.2604027186
2025-06-19,-0.0003867793,7.2575945450
2025-06-20,0.0039295268,7.2861134576
2025-06-21,0.0034905268,7.3115458322
2025-06-22,-0.0009639148,7.3044981249
2025-06-23,0.0054480316,7.3442932617
2025-06-24,-0.0004122589,7.3412655116
2025-06-25,0.0025083707,7.3596801272
2025-06-26,0.0035946162,7.3861353523
2025-06-27,-0.0034007287,7.3610171096
2025-06-28,0.0014566258,7.3717393571
2025-06-29,0.0022015605,7.3879686871
2025-06-30,-0.0070463227,7.3359106756
2025-07-01,-0.0004113753,7.3328928632
2025-07-02,0.0102123013,7.4077785744
2025-07-03,0.0006856720,7.4128578808
2025-07-04,-0.0026175095,7.3934546551
2025-07-05,0.0007213348,7.3987878112
2025-07-06,0.0005731180,7.4030281898
2025-07-07,-0.0037188492,7.3754974439
2025-07-08,-0.0072955371,7.3216892284
2025-07-09,-0.0058010022,7.2792160933
2025-07-10,-0.0055431648,7.2388661991
2025-07-11,-0.0029555228,7.2174715647
2025-07-12,-0.0041647180,7.1874128312
2025-07-13,-0.0035875916,7.1616273294
2025-07-14,-0.0005249809,7.1578676120
2025-07-15,0.0059292888,7.2003086761
2025-07-16,0.0130773522,7.2944696489
2025-07-17,-0.0381359167,7.0162883621
2025-07-18,0.0001178670,7.0171153508
2025-07-19,-0.0022295317,7.0014704699
2025-07-20,0.0132919494,7.0945336611
2025-07-21,-0.0054838849,7.0556280554
2025-07-22,-0.0044360504,7.0243289340
2025-07-23,0.0092658767,7.0894155001
2025-07-24,0.0064215054,7.1349402198
2025-07-25,0.0105351690,7.2101080205
2025-07-26,0.0036966500,7.2367612665
2025-07-27,0.0212691131,7.3906807606
2025-07-28,-0.0014032649,7.3803096775
2025-07-29,-0.0009068821,7.3736166066
2025-07-30,-0.0030342658,7.3512430940
2025-07-31,-0.0016835873,7.3388666348
2025-08-01,-0.0062941025,7.2926750559
2025-08-02,-0.0005164490,7.2889087613
2025-08-03,-0.0024665943,7.2709299809
2025-08-04,0.0008732381,7.2772792342
2025-08-05,0.0031947979,7.3005286705
2025-08-06,0.0038865090,7.3289022406
2025-08-07,-0.0044958909,7.2959522957
2025-08-08,-0.0083465786,7.2350560567
2025-08-09,-0.0004457956,7.2318307008
2025-08-10,0.0115355893,7.3152541293
2025-08-11,0.0020025413,7.3299032281
2025-08-12,-0.0042226316,7.2989517470
2025-08-13,0.0073310253,7.3524605469
2025-08-14,0.0158876405,7.4692737966
2025-08-15,0.0009999740,7.4767428762
2025-08-16,0.0024902600,7.4953619102
2025-08-17,-0.0072439417,7.4410659459
2025-08-18,-0.0027724467,7.4204359873
2025-08-19,0.0028979051,7.4419397069
2025-08-20,-0.0024978441,7.4233509015
2025-08-21,-0.0019146385,7.4091378684
2025-08-22,-0.0010146100,7.4016204830
2025-08-23,-0.0183467508,7.2658247968
2025-08-24,0.0003528587,7.2683886064
2025-08-25,0.0028193284,7.2888805808
2025-08-26,-0.0005068953,7.2851858817
2025-08-27,-0.0057387192,7.2433782456
2025-08-28,-0.0037971889,7.2158737702
2025-08-29,0.0075675668,7.2704803772
2025-08-30,-0.0002020019,7.2690117267
2025-08-31,0.0041040243,7.2988439277
2025-09-01,-0.0039928261,7.2697009132
2025-09-02,-0.0026226892,7.2506347468
2025-09-03,0.0062877975,7.2962252700
2025-09-04,-0.0006507549,7.2914772154
2025-09-05,-0.0030702840,7.2690903093
2025-09-06,0.0029239484,7.2903447541
2025-09-07,0.0003839421,7.2931438247
2025-09-08,-0.0062371585,7.2476553304
2025-09-09,-0.0036979228,7.2208540606
2025-09-10,-0.0122162334,7.1326424217
2025-09-11,0.0017321383,7.1449971452
2025-09-12,0.0083586738,7.2047198455
2025-09-13,-0.0057941895,7.1629743335
2025-09-14,0.0102632914,7.2364900263
2025-09-15,0.0101248099,7.3097581119
2025-09-16,-0.0008300366,7.3036907452
2025-09-17,0.0066781218,7.3524656812
2025-09-18,-0.0021564173,7.3366106973
2025-09-19,-0.0051011584,7.2991854838
2025-09-20,-0.0111865564,7.2175327339
2025-09-21,0.0007510671,7.2229535853
2025-09-22,0.0043948658,7.2546974967
2025-09-23,0.0003929779,7.2575484324
2025-09-24,-0.0031505010,7.2346835185
2025-09-25,0.0013390801,7.2443713390
2025-09-26,0.0002155158,7.2459326158
2025-09-27,0.0045983368,7.2792518548
2025-09-28,0.0026054150,7.2982173265
2025-09-29,0.0155068490,7.4113896806
2025-09-30,-0.0027565552,7.3909597760
2025-10-01,0.0093409847,7.4599986185
2025-10-02,0.0097426101,7.5326784765
2025-10-03,0.0188872999,7.6749504338
2025-10-04,0.0059443542,7.7205730577
2025-10-05,0.0021637277,7.7372782758
2025-10-06,-0.0017709130,7.7235762292
2025-10-07,0.0108486630,7.8073667050
2025-10-08,0.0027063185,7.8284959257
2025-10-09,0.0020600477,7.8446230007
2025-10-10,0.0188530578,7.9925181315
2025-10-11,-0.0016087085,7.9796604997
2025-10-12,0.0140245871,8.0915719434
2025-10-13,0.0097637712,8.1705762009
2025-10-14,0.0011458395,8.1799383701
2025-10-15,0.0035791546,8.2092156339
2025-10-16,-0.0021402755,8.1916456508
2025-10-17,-0.0109964358,8.1015667452
2025-10-18,0.0012449349,8.1116526685
2025-10-19,-0.0025030939,8.0913484402
2025-10-20,-0.0065246411,8.0385552959
2025-10-21,0.0003345567,8.0412446483
2025-10-22,0.0037077490,8.0710595648
2025-10-23,0.0168567920,8.2071117367
2025-10-24,-0.0036547761,8.1771165806
2025-10-25,-0.0028732575,8.1536216189
2025-10-26,0.0022470935,8.1719435688
2025-10-27,0.0027768513,8.1946358407
2025-10-28,-0.0081812426,8.1275935367
2025-10-29,0.0030487439,8.1523724883
2025-10-30,-0.0020104177,8.1359828144
2025-10-31,-0.0075317957,8.0747042537
2025-11-01,0.0060527359,8.1235783064
2025-11-02,-0.0053191894,8.0803674546
2025-11-03,-0.0067553555,8.0257816999
2025-11-04,0.0118500314,8.1208874655
2025-11-05,-0.0000545008,8.1204448708
2025-11-06,0.0039011091,8.1521236121
2025-11-07,0.0192348189,8.3089282331
2025-11-08,0.0004792325,8.3129101419
2025-11-09,-0.0080076154,8.2463435547
2025-11-10,0.0127557024,8.3515314591
2025-11-11,-0.0013933055,8.3398952244
2025-11-12,-0.0029228076,8.3155193152
2025-11-13,-0.0039816994,8.2824094171
2025-11-14,0.0089822890,8.3568044121
2025-11-15,0.0007160257,8.3627880985
2025-11-16,0.0057378786,8.4107727611
2025-11-17,-0.0003864423,8.4075224823
2025-11-18,-0.0020596009,8.3902063413
2025-11-19,-0.0057704371,8.3417911837
2025-11-20,0.0108582790,8.4323686796
2025-11-21,-0.0023144078,8.4128527398
2025-11-22,-0.0024047970,8.3926215364
2025-11-23,-0.0066845817,8.3365203718
2025-11-24,-0.0005228989,8.3321612145
2025-11-25,0.0029533472,8.3567689796
2025-11-26,0.0041492407,8.3914432259
2025-11-27,0.0001900390,8.3930379276
2025-11-28,0.0013469765,8.4043431522
2025-11-29,-0.0048775496,8.3633505513
2025-11-30,-0.0094512826,8.2843061614
2025-12-01,-0.0003948736,8.2810349078
2025-12-02,-0.0083493019,8.2118940471
2025-12-03,-0.0072352815,8.1524786818
2025-12-04,-0.0009295403,8.1449006241
2025-12-05,-0.0046123736,8.1073332999
2025-12-06,0.0057326691,8.1538099586
2025-12-07,-0.0015766538,8.1409542231
2025-12-08,-0.0036844940,8.1109589260
2025-12-09,-0.0040386271,8.0782017876
2025-12-10,-0.0106127119,7.9924701590
2025-12-11,-0.0045532867,7.9560781506
2025-12-12,0.0055257621,8.0000415455
2025-12-13,0.0021965283,8.0176138630
2025-12-14,-0.0021166980,8.0006429960
2025-12-15,0.0022436977,8.0185940205
2025-12-16,0.0033756802,8.0456622298
2025-12-17,0.0010794053,8.0543467603
2025-12-18,-0.0025337603,8.0339389761
2025-12-19,0.0028357088,8.0567208879
2025-12-20,0.0011825930,8.0662487093
2025-12-21,-0.0010435943,8.0578308179
2025-12-22,-0.0016758791,8.0443268676
2025-12-23,0.0004298730,8.0477849066
2025-12-24,-0.0027126768,8.0259538674
2025-12-25,0.0002091741,8.0276326894
2025-12-26,0.0079969318,8.0918291202
2025-12-27,0.0103632378,8.1756866698
2025-12-28,-0.0012939194,8.1651079901
2025-12-29,0.0031549036,8.1908681189
2025-12-30,0.0015251680,8.2033605685
2025-12-31,-0.0026595199,8.1815435681
2026-01-01,0.0183623081,8.3317755922
2026-01-02,0.0073862410,8.3933160946
2026-01-03,0.0010129997,8.4018185212
2026-01-04,0.0057672888,8.4502742347
2026-01-05,-0.0051087636,8.4071037815
2026-01-06,0.0017016410,8.4214096537
2026-01-07,-0.0057143741,8.3732865682
2026-01-08,0.0058339733,8.4221360985
2026-01-09,0.0015963054,8.4355803997
2026-01-10,0.0022341031,8.4544263559
2026-01-11,-0.0013746463,8.4428045104
2026-01-12,0.0025435526,8.4642792276
2026-01-13,0.0006982889,8.4701897399
2026-01-14,-0.0060236602,8.4191681954
2026-01-15,-0.0028406733,8.3952520888
2026-01-16,-0.0020375849,8.3781460499
2026-01-17,-0.0032721211,8.3507317417
2026-01-18,-0.0085675671,8.2791862870
2026-01-19,0.0037325422,8.3100886995
2026-01-20,0.0074553779,8.3720435515
2026-01-21,0.0013043125,8.3829633121
2026-01-22,0.0009409909,8.3908516043
2026-01-23,-0.0015492233,8.3778523014
2026-01-24,0.0004662942,8.3817588452
2026-01-25,-0.0042317638,8.3462892216
2026-01-26,-0.0023001810,8.3270912455
2026-01-27,0.0031025902,8.3529267975
2026-01-28,-0.0010845145,8.3438679273
2026-01-29,-0.0033302010,8.3160811701
2026-01-30,0.0059505725,8.3655666137
2026-01-31,0.0014216782,8.3774597576
2026-02-01,0.0056452153,8.4247523217
2026-02-02,-0.0018861205,8.4088622233
2026-02-03,0.0011579969,8.4185996599
2026-02-04,0.0226820378,8.6095506553
2026-02-05,0.0110751960,8.7049031166
2026-02-06,-0.0083553969,8.6321701958
2026-02-07,-0.0045285965,8.5930785797
2026-02-08,0.0063564612,8.6477001499
2026-02-09,0.0016366804,8.6618536710
2026-02-10,0.0013770644,8.6737816013
2026-02-11,-0.0025717972,8.6514743943
2026-02-12,-0.0039538193,8.6172680279
2026-02-13,0.0056344974,8.6658220023
2026-02-14,0.0119274995,8.7691835896
2026-02-15,0.0113293583,8.8685328128
2026-02-16,0.0042089312,8.9058598574
2026-02-17,-0.0000994436,8.9049742266
2026-02-18,-0.0036187399,8.8727494409
2026-02-19,-0.0050465687,8.8279725012
2026-02-20,-0.0002989850,8.8253330697
2026-02-21,0.0043055135,8.8633306600
2026-02-22,-0.0055611731,8.8140401441
2026-02-23,0.0096734987,8.8993027496
2026-02-24,0.0035708347,8.9310806891
2026-02-25,0.0473389371,9.3538685558
2026-02-26,-0.0073145595,9.2854491281
2026-02-27,0.0040667758,9.3232109676
2026-02-28,0.0020289073,9.3421268980
2026-03-01,0.0094709880,9.4306060694
2026-03-02,0.0051938902,9.4795876019
2026-03-03,0.0042373402,9.5197558394
2026-03-04,-0.0103457432,9.4212668904
2026-03-05,-0.0054833666,9.3696066301
2026-03-06,0.0066745990,9.4321449972
2026-03-07,-0.0030842070,9.4030543091
2026-03-08,0.0032658606,9.4337633735
2026-03-09,-0.0107103382,9.3327245771
2026-03-10,-0.0017383521,9.3165010158
2026-03-11,-0.0045660712,9.2739612089
2026-03-12,-0.0029930539,9.2462037434
2026-03-13,-0.0025880590,9.2222740222
2026-03-14,-0.0013791007,9.2095555773
2026-03-15,0.0000666083,9.2101690098
2026-03-16,0.0064819978,9.2698693051
2026-03-17,0.0026049795,9.2940171250
2026-03-18,0.0027137651,9.3192389039
2026-03-19,-0.0009953319,9.3099631684
2026-03-20,0.0048959516,9.3555442979
2026-03-21,-0.0000815297,9.3547815433
2026-03-22,0.0013389166,9.3673068156
2026-03-23,-0.0026825793,9.3421782721
2026-03-24,-0.0043427843,9.3016072071
2026-03-25,-0.0038974950,9.2653542394
2026-03-26,0.0068408955,9.3287375596
2026-03-27,0.0037454022,9.3636774341
2026-03-28,-0.0021060576,9.3439569896
2026-03-29,0.0040354577,9.3816641331
2026-03-30,-0.0031891268,9.3517448164
2026-03-31,-0.0066853618,9.2892250191
2026-04-01,-0.0096366424,9.1997080798
2026-04-02,0.0054456382,9.2498063613
2026-04-03,-0.0016802556,9.2342643226
2026-04-04,-0.0004464706,9.2301414953
2026-04-05,-0.0033787583,9.1989550780
2026-04-06,0.0016426656,9.2140658853
2026-04-07,-0.0034428120,9.1823435888
2026-04-08,0.0009490054,9.1910576827
2026-04-09,0.0061628026,9.2477003571
2026-04-10,-0.0038919872,9.2117084255
2026-04-11,0.0004337917,9.2157043879
2026-04-12,-0.0016453710,9.2005411351
2026-04-13,-0.0077319599,9.1294029200
2026-04-14,-0.0014234984,9.1164072292
2026-04-15,0.0011198681,9.1266164033
2026-04-16,0.0156734764,9.2696622102
2026-04-17,0.0035541524,9.3026080026
2026-04-18,0.0054459620,9.3532696525
2026-04-19,-0.0037374117,9.3183126331
2026-04-20,-0.0018768530,9.3008235301
2026-04-21,-0.0007650222,9.2937081937
2026-04-22,0.0091226531,9.3784914693
2026-04-23,-0.0005402470,9.3734247676
2026-04-24,-0.0052542241,9.3241746931
2026-04-25,0.0016573332,9.3396279570
2026-04-26,0.0018507372,9.3569131540
2026-04-27,-0.0051761244,9.3084806074
2026-04-28,-0.0033463479,9.2773311930
2026-04-29,-0.0111321198,9.1740548310
2026-04-30,-0.0041145539,9.1363076878
2026-05-01,-0.0002149636,9.1343437137
2026-05-02,0.0020291468,9.1528786377
2026-05-03,-0.0008124516,9.1454423664
2026-05-04,0.0017227837,9.1611979850
2026-05-05,-0.0013082586,9.1492127694
2026-05-06,-0.0087214640,9.0694182396
2026-05-07,-0.0092494578,8.9855310385
2026-05-08,-0.0130559003,8.8682168414
2026-05-09,0.0054425616,8.9164826575
2026-05-10,-0.0044201352,8.8770705986
2026-05-11,0.0014174185,8.8896531230
2026-05-12,0.0012823321,8.9010526101
2026-05-13,-0.0107544563,8.8053266292
2026-05-14,-0.0008366000,8.7979600931
2026-05-15,-0.0049342786,8.7545485071
2026-05-16,0.0014705829,8.7674227964
2026-05-17,0.0019400943,8.7844324231
2026-05-18,0.0012273532,8.7952140240
2026-05-19,-0.0036568045,8.7630516459
2026-05-20,-0.0003784143,8.7597355822
2026-05-21,0.0021578239,8.7786375487
2026-05-22,-0.0033057953,8.7496171702
2026-05-23,-0.0029975083,8.7233901202
2026-05-24,0.0037469725,8.7560764228
2026-05-25,-0.0028033925,8.7315297041
2026-05-26,0.0003023331,8.7341695346
2026-05-27,-0.0000327678,8.7338833348
2026-05-28,0.0015828847,8.7477080649
2026-05-29,-0.0025192451,8.7256704446
2026-05-30,-0.0247087898,8.5100696878
2026-05-31,0.0006364452,8.5154858805
2026-06-01,-0.0113184790,8.4191035327
2026-06-02,-0.0041646576,8.3840408491
2026-06-03,0.0077239598,8.4487988436
2026-06-04,-0.0094710224,8.3687800803
2026-06-05,0.0137293811,8.4836782510
2026-06-06,-0.0032177590,8.4563798188
2026-06-07,-0.0023917039,8.4361546619
2026-06-08,0.0018086664,8.4514128513
2026-06-09,-0.0029566615,8.4264248847
2026-06-10,-0.0025095958,8.4052779643
2026-06-11,-0.0006702536,8.3996442968
2026-06-12,-0.0013648008,8.3881804558
2026-06-13,0.0010704791,8.3971598279
2026-06-14,-0.0026049998,8.3752852284
2026-06-15,0.0073232500,8.4366195360
2026-06-16,-0.0008602179,8.4293622048
2026-06-17,-0.0006848082,8.4235897082
2026-06-18,-0.0001193697,8.4225841872
2026-06-19,-0.0101634978,8.3369812715
2026-06-20,0.0126003541,8.4420301878
2026-06-21,-0.0043273103,8.4054989034
2026-06-22,0.0001308723,8.4065989505
2026-06-23,0.0095646745,8.4870053330
2026-06-24,-0.0001529703,8.4857070733
2026-06-25,0.0030608709,8.5116807275
2026-06-26,0.0095133000,8.5926548997
2026-06-27,0.0031575449,8.6197865935
2026-06-28,0.0033056888,8.6482809257
2026-06-29,-0.0051522680,8.6037226643
2026-06-30,0.0034036267,8.6330065244
