side,signal_time,entry_time,exit_time,entry,exit,exit_reason,gross_return,funding_return,cost_return,net_return,initial_risk_return,result_r,mae_r,mfe_r
long,2021-01-04T05:00:00+00:00,2021-01-04T06:00:00+00:00,2021-01-04T06:00:00+00:00,1086.48,1160.6175,take,0.06823641484426779,0.0,0.001,0.06723641484426779,0.05117731113320077,1.3137934243803762,-0.10179283988085451,1.5729331759680782
long,2021-01-04T07:00:00+00:00,2021-01-04T08:00:00+00:00,2021-01-04T09:00:00+00:00,1052.05,986.494375,stop,-0.06231227127988215,-0.00375,0.001,-0.06706227127988215,0.06231227127988213,-1.0762289658591468,-2.098980827350817,0.5125418299345037
long,2021-01-04T12:00:00+00:00,2021-01-04T13:00:00+00:00,2021-01-05T00:00:00+00:00,1020.19,1137.45,take,0.11493937403816945,-0.00085432,0.001,0.11308505403816944,0.08620453052862702,1.3118226309534378,-0.4959918130649839,1.350048325658081
long,2021-01-05T01:00:00+00:00,2021-01-05T02:00:00+00:00,2021-01-05T03:00:00+00:00,1118.35,1031.8649999999998,stop,-0.07733267760540097,0.0,0.001,-0.07833267760540097,0.07733267760540084,-1.0129311441290414,-1.4263745158119892,0.019078452910910353
long,2021-01-09T11:00:00+00:00,2021-01-09T12:00:00+00:00,2021-01-09T21:00:00+00:00,1223.0,1298.7466666666667,take,0.061935132188607245,-0.00156908,0.001,0.05936605218860724,0.04645134914145544,1.2780264359561109,-0.4787889456081674,1.4064425277239927
long,2021-01-09T23:00:00+00:00,2021-01-10T00:00:00+00:00,2021-01-10T01:00:00+00:00,1279.96,1336.7658333333334,take,0.04438094419617289,-0.00340522,0.001,0.03997572419617289,0.03328570814712958,1.200987643689961,0.0,1.4423401352560665
long,2021-01-10T13:00:00+00:00,2021-01-10T14:00:00+00:00,2021-01-10T17:00:00+00:00,1312.01,1262.709375,stop,-0.037576409478586315,-0.00126049,0.001,-0.03983689947858632,0.03757640947858631,-1.0601571579447524,-1.24765152571595,0.3446203775307137
long,2021-01-11T23:00:00+00:00,2021-01-12T00:00:00+00:00,2021-01-13T00:00:00+00:00,1086.84,991.69,time,-0.0875473850796804,-0.00055084,0.001,-0.0890982250796804,0.09217490614993924,-0.9666212725483652,-0.9945160867693569,0.6617130522125956
long,2021-01-13T07:00:00+00:00,2021-01-13T08:00:00+00:00,2021-01-14T07:00:00+00:00,1076.81,1152.905,take,0.07066706289874736,-0.0006664399999999999,0.001,0.06900062289874735,0.05300029717406043,1.3018912454799942,-0.5479116017259118,1.539303940250126
long,2021-01-16T08:00:00+00:00,2021-01-16T09:00:00+00:00,2021-01-16T16:00:00+00:00,1218.43,1285.9991666666667,take,0.05545592825740231,-0.00152456,0.001,0.05293136825740231,0.0415919461930517,1.2726350436144045,-0.5610053895391159,1.5462674050047471
long,2021-01-17T15:00:00+00:00,2021-01-17T16:00:00+00:00,2021-01-18T03:00:00+00:00,1243.0,1193.290625,stop,-0.039991452131938776,-0.00109082,0.001,-0.042082272131938776,0.039991452131938866,-1.0522816724209445,-1.2029923932859747,0.5890237002577496
long,2021-01-20T00:00:00+00:00,2021-01-20T01:00:00+00:00,2021-01-20T03:00:00+00:00,1407.7,1347.7350000000001,stop,-0.042597854656531875,0.0,0.001,-0.043597854656531876,0.04259785465653193,-1.0234753606270313,-1.1209872425581604,0.03835570749603819
long,2021-01-20T23:00:00+00:00,2021-01-21T00:00:00+00:00,2021-01-21T02:00:00+00:00,1379.23,1316.8456250000002,stop,-0.0452313065986093,-0.00034937,0.001,-0.0465806765986093,0.045231306598609335,-1.0298326557747826,-1.0295847317537465,0.1886690377197818
long,2021-01-22T11:00:00+00:00,2021-01-22T12:00:00+00:00,2021-01-23T12:00:00+00:00,1198.39,1218.74,time,0.01698111633107735,-0.00015431,0.001,0.01582680633107735,0.05829279283038076,0.2715053707776514,-0.05969294635508132,1.0897899294993372
long,2021-01-23T19:00:00+00:00,2021-01-23T20:00:00+00:00,2021-01-24T04:00:00+00:00,1259.71,1310.6658333333335,take,0.04045044758978933,0.0,0.001,0.03945044758978933,0.0303378356923419,1.300371192917618,-0.9995584411336638,1.6560747052185665
long,2021-01-24T05:00:00+00:00,2021-01-24T06:00:00+00:00,2021-01-24T22:00:00+00:00,1328.0,1376.3725,take,0.03642507530120476,0.0,0.001,0.035425075301204756,0.027318806475903627,1.2967285131014494,-0.7632435784795083,1.433321274139922
long,2021-01-26T19:00:00+00:00,2021-01-26T20:00:00+00:00,2021-01-27T05:00:00+00:00,1343.08,1286.7056249999998,stop,-0.04197395166334106,-0.00036342,0.001,-0.04333737166334106,0.04197395166334099,-1.0324825265663717,-1.2370868856639203,0.6176565150389746
long,2021-01-28T03:00:00+00:00,2021-01-28T04:00:00+00:00,2021-01-28T14:00:00+00:00,1288.13,1359.7783333333334,take,0.055621973972606265,-0.0001,0.001,0.05452197397260626,0.04171648047945474,1.3069648576767687,-0.4222475516992715,1.3607201842331738
long,2021-01-30T18:00:00+00:00,2021-01-30T19:00:00+00:00,2021-01-31T07:00:00+00:00,1379.64,1342.63875,stop,-0.02681949639036274,0.0,0.001,-0.02781949639036274,0.026819496390362692,-1.0372863078950054,-1.0029390898956139,0.4097158879767497
long,2021-02-05T06:00:00+00:00,2021-02-05T07:00:00+00:00,2021-02-05T13:00:00+00:00,1649.55,1723.5249999999999,take,0.04484556394168093,0.0,0.001,0.04384556394168093,0.033634172956260804,1.3036016672299158,-0.10381885772220466,1.4500394277345956
long,2021-02-08T09:00:00+00:00,2021-02-08T10:00:00+00:00,2021-02-08T12:00:00+00:00,1630.68,1694.9633333333334,take,0.03942118216531343,0.0,0.001,0.03842118216531343,0.02956588662398507,1.2995105695272664,-0.07093596059113498,2.1826289862587482
long,2021-02-10T04:00:00+00:00,2021-02-10T05:00:00+00:00,2021-02-10T12:00:00+00:00,1791.28,1740.5918749999998,stop,-0.028297153432182642,0.0,0.001,-0.029297153432182643,0.028297153432182604,-1.0353392436591424,-2.1346222611311805,1.1189997657242237
long,2021-02-11T09:00:00+00:00,2021-02-11T10:00:00+00:00,2021-02-12T10:00:00+00:00,1768.61,1770.84,time,0.0012608771860387336,-0.00323165,0.001,-0.0029707728139612664,0.027987727650527816,-0.10614555247414811,-0.573542595234787,1.1810250129420798
long,2021-02-12T19:00:00+00:00,2021-02-12T20:00:00+00:00,2021-02-13T07:00:00+00:00,1845.38,1808.13625,stop,-0.0201821576043959,0.0,0.001,-0.0211821576043959,0.020182157604395845,-1.0495487162275579,-1.0573586172176563,0.8994797784863254
long,2021-02-15T11:00:00+00:00,2021-02-15T12:00:00+00:00,2021-02-16T12:00:00+00:00,1789.36,1804.2,time,0.008293468055617703,-0.00194083,0.001,0.005352638055617703,0.02512455570706845,0.213044087944282,-0.920882512407722,1.1181827028680316
long,2021-02-18T23:00:00+00:00,2021-02-19T00:00:00+00:00,2021-02-19T02:00:00+00:00,1941.12,1903.409375,stop,-0.019427250762446446,0.0,0.001,-0.020427250762446447,0.01942725076244642,-1.051474087210171,-1.2495152228317579,0.3903409185077178
long,2021-02-23T22:00:00+00:00,2021-02-23T23:00:00+00:00,2021-02-24T23:00:00+00:00,1569.69,1623.98,time,0.03458644700545954,0.0,0.001,0.03358644700545954,0.07636898049933426,0.4397917424830927,-0.5722597900949428,1.204164733239138
long,2021-02-26T14:00:00+00:00,2021-02-26T15:00:00+00:00,2021-02-26T20:00:00+00:00,1517.97,1455.83375,stop,-0.040933779982476604,0.0,0.001,-0.041933779982476604,0.04093377998247662,-1.024429700858999,-1.1743547446136517,0.7353195598382581
long,2021-02-28T20:00:00+00:00,2021-02-28T21:00:00+00:00,2021-03-01T09:00:00+00:00,1408.99,1487.1291666666666,take,0.05545757362839088,-0.0001,0.001,0.05435757362839087,0.04159318022129326,1.3068866900579772,-0.25049324389177624,1.7491868141243696
long,2021-03-06T19:00:00+00:00,2021-03-06T20:00:00+00:00,2021-03-06T21:00:00+00:00,1622.17,1667.835,take,0.02815056375102487,0.0,0.001,0.02715056375102487,0.02111292281326863,1.2859689769699638,0.0,1.5139238658345222
long,2021-03-16T07:00:00+00:00,2021-03-16T08:00:00+00:00,2021-03-17T08:00:00+00:00,1799.78,1782.59,time,-0.009551167364900137,-0.00034812,0.001,-0.010899287364900138,0.02418559490604408,-0.45065202684662353,-0.9138787582919317,0.45900697814662894
long,2021-03-23T17:00:00+00:00,2021-03-23T18:00:00+00:00,2021-03-23T20:00:00+00:00,1717.17,1679.81625,stop,-0.021753087929558546,0.0,0.001,-0.022753087929558546,0.021753087929558528,-1.045970484891076,-1.2287922899307315,0.14108355921426757
long,2021-03-25T21:00:00+00:00,2021-03-25T22:00:00+00:00,2021-03-26T16:00:00+00:00,1611.33,1665.835,take,0.03382609397206049,-0.0001,0.001,0.032726093972060485,0.02536957047904526,1.289974302051805,-0.8238999480169981,1.4051310277344604
long,2021-04-01T06:00:00+00:00,2021-04-01T07:00:00+00:00,2021-04-01T08:00:00+00:00,1917.95,1969.1541666666667,take,0.026697341779851724,0.0,0.001,0.025697341779851723,0.020023006334888845,1.2833907830851405,-0.17055903653674126,1.4386850028480773
long,2021-04-01T18:00:00+00:00,2021-04-01T19:00:00+00:00,2021-04-02T14:00:00+00:00,1970.57,2024.895,take,0.02756816555615882,-0.00172251,0.001,0.024845655556158818,0.02067612416711919,1.2016592353256588,-0.5063353275042167,2.6855652707470403
long,2021-04-03T03:00:00+00:00,2021-04-03T04:00:00+00:00,2021-04-03T16:00:00+00:00,2098.34,2058.118125,stop,-0.01916842599388091,-0.0022965,0.001,-0.022464925993880912,0.019168425993880894,-1.1719755185455683,-1.176971486287005,0.8840960298345144
long,2021-04-04T13:00:00+00:00,2021-04-04T14:00:00+00:00,2021-04-05T03:00:00+00:00,2082.61,2032.9350000000002,stop,-0.023852281512141027,-0.00072788,0.001,-0.025580161512141028,0.023852281512140985,-1.0724408689844005,-1.1597382989431326,0.22365374937090876
long,2021-04-08T07:00:00+00:00,2021-04-08T08:00:00+00:00,2021-04-09T00:00:00+00:00,2029.41,2097.0083333333337,take,0.03330935263615209,-0.00038906,0.001,0.03192029263615209,0.024982014477114067,1.2777309318027237,-0.8633348948445474,1.3528933159101546
long,2021-04-15T00:00:00+00:00,2021-04-15T01:00:00+00:00,2021-04-15T22:00:00+00:00,2420.38,2508.351666666667,take,0.03634622111679442,-0.00110097,0.001,0.03424525111679442,0.027259665837595745,1.2562608551702918,-0.26129625068677803,1.9219824564727237
long,2021-04-16T20:00:00+00:00,2021-04-16T21:00:00+00:00,2021-04-17T13:00:00+00:00,2458.1,2385.9025,stop,-0.029371262357104966,-0.0009833,0.001,-0.031354562357104966,0.029371262357105066,-1.0675251875757437,-1.1510093839814397,0.5701028428962293
long,2021-04-18T20:00:00+00:00,2021-04-18T21:00:00+00:00,2021-04-19T14:00:00+00:00,2224.14,2125.101875,stop,-0.04452872795777241,-0.0002,0.001,-0.04572872795777241,0.04452872795777247,-1.0269488946807086,-1.0310170956891573,0.5496873047626882
long,2021-04-20T10:00:00+00:00,2021-04-20T11:00:00+00:00,2021-04-20T18:00:00+00:00,2182.39,2285.438333333333,take,0.047218111031178234,0.0,0.001,0.04621811103117823,0.03541358327338375,1.3050955808223728,-0.5451163693412446,1.484352003105341
long,2021-04-21T13:00:00+00:00,2021-04-21T14:00:00+00:00,2021-04-22T05:00:00+00:00,2387.8,2484.2283333333335,take,0.040383756316832775,-0.00023315,0.001,0.03915060631683277,0.03028781723762455,1.2926189434410138,-0.992792574796484,1.3733169711530164
long,2021-04-22T06:00:00+00:00,2021-04-22T07:00:00+00:00,2021-04-22T12:00:00+00:00,2477.37,2581.810833333333,take,0.04215794707021292,-0.00011151,0.001,0.04104643707021292,0.03161846030265962,1.298179502648339,-0.805304438717297,1.5017114953442556
long,2021-04-22T13:00:00+00:00,2021-04-22T14:00:00+00:00,2021-04-22T20:00:00+00:00,2543.51,2462.885,stop,-0.03169832239700254,0.0,0.001,-0.032698322397002544,0.03169832239700252,-1.0315474108527138,-1.9620465116279096,1.2666046511627909
long,2021-04-23T18:00:00+00:00,2021-04-23T19:00:00+00:00,2021-04-24T10:00:00+00:00,2346.92,2208.965,stop,-0.058781296337327205,0.0,0.001,-0.059781296337327205,0.05878129633732721,-1.0170122141277953,-1.164292704142654,0.22529085571382051
long,2021-04-25T18:00:00+00:00,2021-04-25T19:00:00+00:00,2021-04-25T20:00:00+00:00,2298.8,2239.3568750000004,stop,-0.02585832825822154,0.0,0.001,-0.026858328258221542,0.025858328258221683,-1.0386722602487617,-1.476369218475648,0.2538561019461848
long,2021-04-25T23:00:00+00:00,2021-04-26T00:00:00+00:00,2021-04-26T00:00:00+00:00,2320.71,2410.8575,take,0.03884479318829159,0.0,0.001,0.03784479318829159,0.029133594891218636,1.2990086987067517,-0.2557290366713806,1.4613087809793222
long,2021-04-28T20:00:00+00:00,2021-04-28T21:00:00+00:00,2021-04-29T12:00:00+00:00,2706.07,2796.3191666666667,take,0.03335064010416078,0.0,0.001,0.03235064010416078,0.025012980078120653,1.2933540906810428,-0.5495895622304959,1.3581658187056218
long,2021-04-29T14:00:00+00:00,2021-04-29T15:00:00+00:00,2021-04-29T18:00:00+00:00,2765.26,2703.4618750000004,stop,-0.02234803418123421,0.0,0.001,-0.023348034181234212,0.02234803418123429,-1.0447466650484911,-1.0346592230751335,0.4812443743236502
long,2021-05-04T00:00:00+00:00,2021-05-04T01:00:00+00:00,2021-05-04T05:00:00+00:00,3267.26,3395.9825,take,0.039397691031628934,0.0,0.001,0.03839769103162893,0.02954826827372172,1.2994904024807878,-0.8484401198961603,1.3628283063696396
long,2021-05-04T06:00:00+00:00,2021-05-04T07:00:00+00:00,2021-05-04T13:00:00+00:00,3358.0,3511.5408333333335,take,0.04572389319039116,0.0,0.001,0.04472389319039116,0.034292919892793323,1.304172795148596,-0.6860281466927911,1.490504697447473
long,2021-05-04T18:00:00+00:00,2021-05-04T19:00:00+00:00,2021-05-04T23:00:00+00:00,3382.19,3237.6225,stop,-0.04274375478610015,0.0,0.001,-0.04374375478610015,0.04274375478610011,-1.0233952306016232,-1.1207221540111019,0.3237933837134919
long,2021-05-05T10:00:00+00:00,2021-05-05T11:00:00+00:00,2021-05-06T11:00:00+00:00,3386.21,3531.34,time,0.04285912568919237,0.0,0.001,0.04185912568919237,0.039747054967057556,1.0531377915643134,-0.7659451954287742,1.2372960849234031
long,2021-05-06T16:00:00+00:00,2021-05-06T17:00:00+00:00,2021-05-06T18:00:00+00:00,3544.84,3457.219375,stop,-0.024717794033016993,0.0,0.001,-0.025717794033016994,0.024717794033017,-1.0404566847132166,-1.6227914375182786,0.6261082935667249
long,2021-05-09T08:00:00+00:00,2021-05-09T09:00:00+00:00,2021-05-09T12:00:00+00:00,3926.94,3822.645625,stop,-0.02655868818978646,0.0,0.001,-0.027558688189786462,0.026558688189786458,-1.0376524620814882,-1.8883089332478395,0.15398721167848275
long,2021-05-09T16:00:00+00:00,2021-05-09T17:00:00+00:00,2021-05-10T03:00:00+00:00,3929.28,4076.7008333333333,take,0.03751853605070976,0.0,0.001,0.03651853605070976,0.0281389020380324,1.2977953440170298,-0.723009524886241,1.3541279217659146
long,2021-05-10T18:00:00+00:00,2021-05-10T19:00:00+00:00,2021-05-10T19:00:00+00:00,4134.78,4024.73375,stop,-0.02661477756978603,0.0,0.001,-0.02761477756978603,0.026614777569786065,-1.0375731113054725,-1.4847393709463044,0.22917636902666275
long,2021-05-11T10:00:00+00:00,2021-05-11T11:00:00+00:00,2021-05-12T02:00:00+00:00,4040.84,4263.7475,take,0.055163654091723524,0.0,0.001,0.05416365409172352,0.04137274056879262,1.3091628291256843,-0.8424421191151795,1.4006407740131377
long,2021-05-14T04:00:00+00:00,2021-05-14T05:00:00+00:00,2021-05-14T13:00:00+00:00,3801.6,4056.1633333333334,take,0.06696215628507307,0.0,0.001,0.06596215628507307,0.05022161721380471,1.313421589039185,-0.12015346541135878,1.3917165341958126
long,2021-05-17T08:00:00+00:00,2021-05-17T09:00:00+00:00,2021-05-17T14:00:00+00:00,3541.89,3367.24125,stop,-0.049309478837569753,0.0,0.001,-0.050309478837569754,0.049309478837569774,-1.0202800764391382,-1.0759882335258626,0.0788439653876698
long,2021-05-18T09:00:00+00:00,2021-05-18T10:00:00+00:00,2021-05-18T14:00:00+00:00,3473.42,3318.136875,stop,-0.0447061181774735,0.0,0.001,-0.0457061181774735,0.04470611817747352,-1.0223683030593307,-1.3743927422892865,0.6236994522102749
long,2021-05-18T20:00:00+00:00,2021-05-18T21:00:00+00:00,2021-05-19T01:00:00+00:00,3432.0,3287.188125,stop,-0.0421946022727272,-0.0001,0.001,-0.0432946022727272,0.04219460227272728,-1.0260696852381734,-1.8743628587089263,0.23962123272003863
long,2021-05-20T07:00:00+00:00,2021-05-20T08:00:00+00:00,2021-05-21T08:00:00+00:00,2711.9,2703.6,time,-0.0030605848298241867,-0.00030000000000000003,0.001,-0.004360584829824187,0.14648701095173122,-0.029767723441780365,-0.3593884958300099,0.7021882812340206
long,2021-05-22T10:00:00+00:00,2021-05-22T11:00:00+00:00,2021-05-22T19:00:00+00:00,2464.0,2263.398125,stop,-0.0814130986201298,0.0,0.001,-0.0824130986201298,0.08141309862012985,-1.0122830357393213,-1.0576670831217316,0.12786520564675818
long,2021-05-23T20:00:00+00:00,2021-05-23T21:00:00+00:00,2021-05-24T07:00:00+00:00,2063.93,2283.6025,take,0.1064340844892997,0.0,0.001,0.1054340844892997,0.07982556336697465,1.3208060180495986,-0.1088286729866806,1.4100991248335606
long,2021-05-25T21:00:00+00:00,2021-05-25T22:00:00+00:00,2021-05-26T02:00:00+00:00,2612.01,2802.6483333333335,take,0.07298529995418601,0.0,0.001,0.07198529995418601,0.054738974965639446,1.3150648144100683,-0.044622015509299395,1.6391246951032903
long,2021-05-27T09:00:00+00:00,2021-05-27T10:00:00+00:00,2021-05-28T01:00:00+00:00,2791.65,2675.79,stop,-0.04150233732738706,-0.0001,0.001,-0.042602337327387066,0.041502337327387034,-1.0265045313309173,-1.0844985327118941,0.6872087001553591
long,2021-05-30T05:00:00+00:00,2021-05-30T06:00:00+00:00,2021-05-31T06:00:00+00:00,2369.99,2389.44,time,0.008206785682640216,0.0,0.001,0.007206785682640216,0.04274332381149289,0.16860611295517558,-0.9726434767586745,1.0546760281832686
long,2021-06-02T05:00:00+00:00,2021-06-02T06:00:00+00:00,2021-06-02T13:00:00+00:00,2639.08,2755.895,take,0.044263531230580355,-0.0001,0.001,0.04316353123058035,0.033197648422935225,1.3001984562484856,-0.12007590349412717,1.334531809556426
long,2021-06-04T21:00:00+00:00,2021-06-04T22:00:00+00:00,2021-06-04T23:00:00+00:00,2732.97,2650.125,stop,-0.03031317577580428,0.0,0.001,-0.03131317577580428,0.030313175775804314,-1.0329889552779277,-1.0199770656044442,0.06795823525861983
long,2021-06-05T00:00:00+00:00,2021-06-05T01:00:00+00:00,2021-06-05T09:00:00+00:00,2768.49,2682.1875,stop,-0.031173130479069777,0.0,0.001,-0.03217313047906978,0.03117313047906979,-1.0320789084904836,-1.3497870861214887,0.5670751136989111
long,2021-06-06T05:00:00+00:00,2021-06-06T06:00:00+00:00,2021-06-07T01:00:00+00:00,2693.62,2795.3483333333334,take,0.037766401100872926,-0.0001,0.001,0.03666640110087292,0.02832480082565468,1.2944981087973966,-0.6144469747857881,1.3811950128610568
long,2021-06-08T20:00:00+00:00,2021-06-08T21:00:00+00:00,2021-06-09T01:00:00+00:00,2534.08,2433.0724999999998,stop,-0.03985963347644916,0.0,0.001,-0.040859633476449164,0.039859633476449045,-1.025088038016982,-1.0788307798925796,0.10811078385268769
long,2021-06-12T10:00:00+00:00,2021-06-12T11:00:00+00:00,2021-06-13T03:00:00+00:00,2392.04,2332.66375,stop,-0.024822431899132025,0.0,0.001,-0.025822431899132026,0.024822431899132087,-1.0402861413443902,-1.1964379697269563,1.0231363550241093
long,2021-06-19T14:00:00+00:00,2021-06-19T15:00:00+00:00,2021-06-19T18:00:00+00:00,2251.29,2196.015,stop,-0.02455258984848696,-0.0001,0.001,-0.02565258984848696,0.024552589848486857,-1.0448017910447804,-1.1659882406151043,0.15757575757575693
long,2021-06-20T18:00:00+00:00,2021-06-20T19:00:00+00:00,2021-06-20T19:00:00+00:00,2159.52,2222.4391666666666,take,0.029135718431256175,0.0,0.001,0.028135718431256174,0.021851788823442225,1.2875704894728186,-0.0491636093930058,1.8139676569142922
long,2021-06-21T02:00:00+00:00,2021-06-21T03:00:00+00:00,2021-06-21T04:00:00+00:00,2189.04,2133.370625,stop,-0.02543095375141613,0.0,0.001,-0.02643095375141613,0.025430953751416123,-1.0393221587273078,-2.317971056797388,0.00035926395796612935
long,2021-06-30T18:00:00+00:00,2021-06-30T19:00:00+00:00,2021-06-30T21:00:00+00:00,2213.5,2288.9616666666666,take,0.03409155937052932,0.0,0.001,0.03309155937052932,0.025568669527897006,1.2942229682473065,-0.3233429776707867,1.3516796607549075
long,2021-06-30T22:00:00+00:00,2021-06-30T23:00:00+00:00,2021-07-01T02:00:00+00:00,2258.07,2197.534375,stop,-0.026808568822047185,-0.0001,0.001,-0.027908568822047185,0.02680856882204715,-1.0410316569788465,-1.1138895485096634,0.3982778735661838
long,2021-07-01T04:00:00+00:00,2021-07-01T05:00:00+00:00,2021-07-01T07:00:00+00:00,2208.0,2147.034375,stop,-0.02761124320652164,0.0,0.001,-0.02861124320652164,0.027611243206521748,-1.0362171305551244,-1.3428878978932788,0.43631144599928157
long,2021-07-16T03:00:00+00:00,2021-07-16T04:00:00+00:00,2021-07-16T06:00:00+00:00,1948.66,1906.6000000000001,stop,-0.021584062894501876,0.0,0.001,-0.022584062894501877,0.021584062894501876,-1.0463304802662863,-1.0489776509748,0.4087018544935785
long,2021-07-20T15:00:00+00:00,2021-07-20T16:00:00+00:00,2021-07-20T22:00:00+00:00,1803.87,1765.6306249999998,stop,-0.021198520403355126,0.0,0.001,-0.022198520403355126,0.021198520403355015,-1.0471731036399052,-1.026951931091971,0.42181651766013756
long,2021-07-20T23:00:00+00:00,2021-07-21T00:00:00+00:00,2021-07-21T04:00:00+00:00,1785.2,1840.5908333333334,take,0.031027802673836646,0.0,0.001,0.030027802673836645,0.023270852005377558,1.2903611207229393,-0.7907445576133277,2.079766507695309
long,2021-08-01T21:00:00+00:00,2021-08-01T22:00:00+00:00,2021-08-01T22:00:00+00:00,2652.78,2598.5793750000003,stop,-0.020431632099156327,0.0,0.001,-0.021431632099156328,0.020431632099156334,-1.0489437160549346,-1.3012765074203523,0.22435165646152688
long,2021-08-02T14:00:00+00:00,2021-08-02T15:00:00+00:00,2021-08-03T01:00:00+00:00,2625.2,2553.7687499999997,stop,-0.027209831631875736,-0.0001,0.001,-0.028309831631875736,0.02720983163187566,-1.0404265640038526,-1.1227578965788758,0.5839181030711371
long,2021-08-05T15:00:00+00:00,2021-08-05T16:00:00+00:00,2021-08-06T16:00:00+00:00,2755.53,2861.85,take,0.03858422880534773,-0.0001,0.001,0.03748422880534773,0.028938171604010784,1.295321256583898,-0.4416854778028616,1.6296714321545005
long,2021-08-13T02:00:00+00:00,2021-08-13T03:00:00+00:00,2021-08-13T07:00:00+00:00,3131.95,3224.973333333333,take,0.029701410729204847,0.0,0.001,0.028701410729204846,0.022276058046903673,1.2884420874093692,-0.5578528684559373,1.5138854050955015
long,2021-08-17T11:00:00+00:00,2021-08-17T12:00:00+00:00,2021-08-17T14:00:00+00:00,3257.98,3194.771875,stop,-0.019401016887764855,0.0,0.001,-0.020401016887764856,0.019401016887764837,-1.0515436899923871,-1.1992129176431066,0.5735022198491062
long,2021-08-30T22:00:00+00:00,2021-08-30T23:00:00+00:00,2021-08-30T23:00:00+00:00,3285.28,3230.9193750000004,stop,-0.01654672508888122,0.0,0.001,-0.01754672508888122,0.016546725088881293,-1.0604349195764355,-1.3587040252020668,0.00018395667820223456
long,2021-08-31T09:00:00+00:00,2021-08-31T10:00:00+00:00,2021-08-31T11:00:00+00:00,3339.2,3427.2124999999996,take,0.026357361044561545,0.0,0.001,0.025357361044561544,0.019768020783421148,1.2827465795578286,-0.40676040335179625,1.5782606637314824
long,2021-08-31T15:00:00+00:00,2021-08-31T16:00:00+00:00,2021-09-01T05:00:00+00:00,3391.05,3495.7566666666667,take,0.030877358536932853,-0.0001,0.001,0.029777358536932853,0.02315801890269972,1.285833588013069,-0.6500700369285646,1.823379600152801
long,2021-09-01T07:00:00+00:00,2021-09-01T08:00:00+00:00,2021-09-01T16:00:00+00:00,3518.28,3620.8991666666666,take,0.02916742461278421,-0.0001,0.001,0.02806742461278421,0.02187556845958819,1.2830489257746394,-0.05548021406007513,3.889461845171876
long,2021-09-08T16:00:00+00:00,2021-09-08T17:00:00+00:00,2021-09-09T17:00:00+00:00,3489.47,3514.65,time,0.00721599555233321,0.0,0.001,0.00621599555233321,0.04118784514553787,0.15091820245436235,-0.6920915993355297,0.5626766626949269
long,2021-09-11T10:00:00+00:00,2021-09-11T11:00:00+00:00,2021-09-12T08:00:00+00:00,3309.13,3427.4225,take,0.035747311226817846,-0.0002,0.001,0.034547311226817846,0.026810483420113437,1.2885747222633137,-0.8824453508605068,1.499785137124785
long,2021-09-13T23:00:00+00:00,2021-09-14T00:00:00+00:00,2021-09-14T22:00:00+00:00,3284.17,3409.639166666667,take,0.03820422410126967,-0.0001,0.001,0.037104224101269664,0.02865316807595223,1.294943163105589,-0.1585515697747798,1.54970344639785
long,2021-09-21T07:00:00+00:00,2021-09-21T08:00:00+00:00,2021-09-21T16:00:00+00:00,3073.94,2954.46625,stop,-0.038866649967143174,-0.0001,0.001,-0.03996664996714318,0.038866649967143126,-1.0283018989527002,-1.1795896588162667,0.28650645016164694
long,2021-09-22T06:00:00+00:00,2021-09-22T07:00:00+00:00,2021-09-22T18:00:00+00:00,2929.82,3085.3933333333334,take,0.05309996291012187,-0.0001,0.001,0.051999962910121864,0.039824972182591414,1.305712472860244,-0.41360987315735515,1.3632156324991431
long,2021-09-24T21:00:00+00:00,2021-09-24T22:00:00+00:00,2021-09-25T08:00:00+00:00,2956.15,2863.534375,stop,-0.03132981242494459,0.0,0.001,-0.03232981242494459,0.031329812424944606,-1.0319184802780303,-1.6860006073489218,0.11585518102372173
long,2021-10-07T20:00:00+00:00,2021-10-07T21:00:00+00:00,2021-10-08T05:00:00+00:00,3626.57,3550.775625,stop,-0.020899741353400003,0.0,0.001,-0.021899741353400004,0.020899741353400045,-1.047847482085575,-1.0194687930337818,0.4407978824286075
long,2021-10-27T04:00:00+00:00,2021-10-27T05:00:00+00:00,2021-10-27T07:00:00+00:00,4287.14,4212.4556250000005,stop,-0.0174205589273968,0.0,0.001,-0.018420558927396802,0.01742055892739679,-1.0574034394744558,-2.010326791915989,0.3557638394911859
long,2021-11-03T19:00:00+00:00,2021-11-03T20:00:00+00:00,2021-11-04T03:00:00+00:00,4629.52,4547.413750000001,stop,-0.017735369973560955,0.0,0.001,-0.018735369973560956,0.017735369973560944,-1.0563845017888414,-1.0464489609499887,0.14895333790057552
long,2021-11-11T14:00:00+00:00,2021-11-11T15:00:00+00:00,2021-11-12T09:00:00+00:00,4738.79,4645.029375,stop,-0.019785773372527515,-0.0002,0.001,-0.020985773372527515,0.019785773372527588,-1.0606496383743138,-1.3713645786810795,0.7701527160255202
long,2021-11-19T08:00:00+00:00,2021-11-19T09:00:00+00:00,2021-11-19T19:00:00+00:00,4142.17,4279.045,take,0.03304427389508402,0.0,0.001,0.03204427389508402,0.024783205421313004,1.2929834277016747,-0.27431354642313344,1.522557077625569
long,2021-11-23T15:00:00+00:00,2021-11-23T16:00:00+00:00,2021-11-24T14:00:00+00:00,4272.15,4178.027499999999,stop,-0.022031646828880147,0.0,0.001,-0.023031646828880148,0.02203164682888008,-1.0453892533666262,-1.0812504980211914,1.2202183324922307
long,2021-11-27T07:00:00+00:00,2021-11-27T08:00:00+00:00,2021-11-28T02:00:00+00:00,4122.7,4011.9468749999996,stop,-0.026864221262764776,0.0,0.001,-0.027864221262764777,0.026864221262764682,-1.0372242318219047,-1.2884512288027987,0.5413842724528065
long,2021-11-30T17:00:00+00:00,2021-11-30T18:00:00+00:00,2021-12-01T00:00:00+00:00,4600.83,4734.315,take,0.029013243262628663,-0.0001625,0.001,0.027850743262628663,0.02175993244697152,1.2799094542457938,-0.19397934849109388,1.3567566892659566
long,2021-12-04T18:00:00+00:00,2021-12-04T19:00:00+00:00,2021-12-05T19:00:00+00:00,4063.45,4139.79,time,0.018786991349715176,0.0,0.001,0.017786991349715175,0.04169009708498935,0.4266478754763907,-0.1919652904087452,1.0846156967928275
long,2021-12-08T14:00:00+00:00,2021-12-08T15:00:00+00:00,2021-12-09T08:00:00+00:00,4408.91,4323.715625,stop,-0.01932322841700107,-0.0001,0.001,-0.02042322841700107,0.019323228417001022,-1.0569263052871767,-1.160992142967182,0.963209132058312
long,2021-12-18T05:00:00+00:00,2021-12-18T06:00:00+00:00,2021-12-19T06:00:00+00:00,3902.0,3969.21,time,0.017224500256278752,-0.0001,0.001,0.01612450025627875,0.026722353921066113,0.6034086781392143,-0.2763961566356812,1.2754311197424961
long,2022-01-23T06:00:00+00:00,2022-01-23T07:00:00+00:00,2022-01-24T07:00:00+00:00,2461.1,2384.95,time,-0.030941448945593475,0.0,0.001,-0.031941448945593476,0.044570771199869956,-0.716645642103825,-0.8487314040875381,0.801326427704561
long,2022-02-21T01:00:00+00:00,2022-02-21T02:00:00+00:00,2022-02-21T11:00:00+00:00,2712.35,2651.429375,stop,-0.02246045864287416,0.0,0.001,-0.02346045864287416,0.022460458642874208,-1.0445226883342034,-1.8020169688016163,0.7493357134796301
long,2022-02-22T14:00:00+00:00,2022-02-22T15:00:00+00:00,2022-02-23T15:00:00+00:00,2643.0,2688.08,time,0.01705637533106308,-5.962e-05,0.001,0.015996755331063078,0.031111426409383264,0.5141762103918972,-0.786719771366029,1.3302119120732163
long,2022-02-24T16:00:00+00:00,2022-02-24T17:00:00+00:00,2022-02-24T19:00:00+00:00,2472.66,2586.570833333333,take,0.04606813445169711,0.0,0.001,0.045068134451697106,0.03455110083877284,1.304390695451364,-0.5274300805454554,1.4788174961409895
long,2022-03-16T00:00:00+00:00,2022-03-16T01:00:00+00:00,2022-03-16T02:00:00+00:00,2610.8,2671.9633333333336,take,0.02342704662683226,0.0,0.001,0.02242704662683226,0.017570284970124132,1.27641906007594,-0.08022235544172233,2.7925227532835546
long,2022-04-01T13:00:00+00:00,2022-04-01T14:00:00+00:00,2022-04-01T14:00:00+00:00,3347.85,3417.1625,take,0.020703585883477427,0.0,0.001,0.019703585883477426,0.015527689412608084,1.268932251277426,-0.015196874060711392,1.484099789600244
long,2022-04-12T13:00:00+00:00,2022-04-12T14:00:00+00:00,2022-04-12T19:00:00+00:00,3049.44,2994.84625,stop,-0.017902877249593385,0.0,0.001,-0.018902877249593386,0.01790287724959334,-1.055856943331428,-1.5281969089868341,0.23097882083572482
long,2022-04-27T13:00:00+00:00,2022-04-27T14:00:00+00:00,2022-04-27T14:00:00+00:00,2903.98,2849.404375,stop,-0.018793388728572502,0.0,0.001,-0.019793388728572503,0.018793388728572502,-1.0532102014406615,-1.5607700324091525,0.08996690372303671
long,2022-05-10T05:00:00+00:00,2022-05-10T06:00:00+00:00,2022-05-10T21:00:00+00:00,2403.27,2310.66125,stop,-0.038534475943194035,0.0,0.001,-0.039534475943194036,0.038534475943194056,-1.0259507875875655,-1.5440225680618722,0.568088868492448
long,2022-05-12T16:00:00+00:00,2022-05-12T17:00:00+00:00,2022-05-12T21:00:00+00:00,2024.63,1879.611875,stop,-0.0716269762870253,0.0,0.001,-0.0726269762870253,0.07162697628702527,-1.0139612203646962,-1.0951734481465685,0.04537363863999696
long,2022-05-17T02:00:00+00:00,2022-05-17T03:00:00+00:00,2022-05-17T13:00:00+00:00,2044.73,2113.0958333333333,take,0.03343513976580437,0.0,0.001,0.032435139765804366,0.025076354824353334,1.2934551290646288,-0.06669998415387918,1.5479467082728922
long,2022-06-07T18:00:00+00:00,2022-06-07T19:00:00+00:00,2022-06-07T19:00:00+00:00,1806.52,1853.7583333333332,take,0.026148801747743367,0.0,0.001,0.025148801747743366,0.019611601310807514,1.282343106469558,0.0,1.9328934833997777
long,2022-06-12T14:00:00+00:00,2022-06-12T15:00:00+00:00,2022-06-12T22:00:00+00:00,1509.55,1460.876875,stop,-0.03224346659600541,0.0,0.001,-0.03324346659600541,0.03224346659600545,-1.031014034952552,-1.2150442364241012,0.8066052878256743
long,2022-06-14T05:00:00+00:00,2022-06-14T06:00:00+00:00,2022-06-15T04:00:00+00:00,1226.66,1138.27375,stop,-0.07205439975217254,5.37e-05,0.001,-0.07300069975217253,0.07205439975217255,-1.0131331327893194,-1.211953216705088,0.4779023886633948
long,2022-06-15T18:00:00+00:00,2022-06-15T19:00:00+00:00,2022-06-16T13:00:00+00:00,1171.49,1091.98875,stop,-0.06786336204320997,0.0,0.001,-0.06886336204320997,0.06786336204320992,-1.014735491580322,-1.0838823288942003,1.0792283140202183
long,2022-06-18T22:00:00+00:00,2022-06-18T23:00:00+00:00,2022-06-19T02:00:00+00:00,990.51,947.968125,stop,-0.04294946542690126,0.0,0.001,-0.04394946542690126,0.042949465426901284,-1.0232831768698483,-1.1854202476971198,0.43651108466657784
long,2022-06-23T13:00:00+00:00,2022-06-23T14:00:00+00:00,2022-06-23T20:00:00+00:00,1107.46,1147.1108333333334,take,0.03580339997230908,0.0,0.001,0.03480339997230908,0.026852549979231727,1.2960929222448778,-0.863201698156831,1.3968600912128815
long,2022-06-28T08:00:00+00:00,2022-06-28T09:00:00+00:00,2022-06-28T14:00:00+00:00,1224.51,1198.755,stop,-0.02103290295710114,0.0,0.001,-0.02203290295710114,0.021032902957101182,-1.0475445544554436,-1.106969520481463,0.5882352941176502
long,2022-07-01T05:00:00+00:00,2022-07-01T06:00:00+00:00,2022-07-02T06:00:00+00:00,1056.38,1046.98,time,-0.008898313107025935,4.5e-06,0.001,-0.009893813107025935,0.037407821995872705,-0.26448514185395616,-0.6005029496892167,0.9216315814446319
long,2022-07-13T14:00:00+00:00,2022-07-13T15:00:00+00:00,2022-07-13T23:00:00+00:00,1065.82,1101.7116666666666,take,0.03367516716393637,0.0,0.001,0.03267516716393637,0.02525637537295224,1.2937393700178024,-0.6322730438820533,2.0127234734153787
long,2022-07-19T08:00:00+00:00,2022-07-19T09:00:00+00:00,2022-07-20T09:00:00+00:00,1534.58,1549.49,time,0.009716013502065746,4.179e-05,0.001,0.008757803502065745,0.03542663139099951,0.247209603572152,-0.5441000643796554,1.0361445783132568
long,2022-07-21T16:00:00+00:00,2022-07-21T17:00:00+00:00,2022-07-22T08:00:00+00:00,1557.4,1619.5733333333333,take,0.03992123624844823,-0.0001,0.001,0.03882123624844823,0.029940927186336178,1.2965943241118019,-0.5751662020158739,1.5462148831224518
long,2022-07-24T01:00:00+00:00,2022-07-24T02:00:00+00:00,2022-07-24T06:00:00+00:00,1561.1,1609.0058333333332,take,0.0306872290905984,0.0,0.001,0.0296872290905984,0.02301542181794888,1.2898842057044735,-0.49124149807782164,1.6451719519195638
long,2022-08-02T15:00:00+00:00,2022-08-02T16:00:00+00:00,2022-08-03T01:00:00+00:00,1628.88,1591.4037500000002,stop,-0.02300737316438284,0.0,0.001,-0.02400737316438284,0.023007373164382908,-1.043464327407355,-1.0774824055235024,1.3106967746239262
long,2022-08-05T01:00:00+00:00,2022-08-05T02:00:00+00:00,2022-08-05T11:00:00+00:00,1646.34,1688.8083333333332,take,0.025795603176338666,-0.0001,0.001,0.024695603176338666,0.019346702382253965,1.2764760985309338,-0.02354695655586482,2.249833209057728
long,2022-08-31T09:00:00+00:00,2022-08-31T10:00:00+00:00,2022-09-01T10:00:00+00:00,1569.7,1564.24,time,-0.0034783716633751682,-9.18e-06,0.001,-0.004487551663375168,0.029357122380072622,-0.15286074722436974,-0.9389808899919976,0.8623781041895571
long,2022-09-19T14:00:00+00:00,2022-09-19T15:00:00+00:00,2022-09-20T15:00:00+00:00,1354.18,1376.48,time,0.01646753016585678,0.0,0.001,0.01546753016585678,0.0280437238771803,0.5515505085415207,-0.8687008327573142,1.0485500806425034
long,2022-09-22T18:00:00+00:00,2022-09-22T19:00:00+00:00,2022-09-22T23:00:00+00:00,1302.13,1349.4825,take,0.03636541666346682,0.0,0.001,0.03536541666346682,0.027274062497600084,1.2966684617144482,-0.000281576122349465,1.3433996797071532
long,2022-09-24T01:00:00+00:00,2022-09-24T02:00:00+00:00,2022-09-25T02:00:00+00:00,1317.98,1320.36,time,0.00180579371462386,8.115e-05,0.001,0.0008869437146238599,0.02437347304207959,0.03638971405891133,-0.39285575314214694,0.9606599478578846
long,2022-09-28T14:00:00+00:00,2022-09-28T15:00:00+00:00,2022-09-29T14:00:00+00:00,1325.05,1293.0562499999999,stop,-0.02414531527112196,-2.427000000000001e-05,0.001,-0.02516958527112196,0.02414531527112186,-1.0424210654737294,-1.1817933190076155,0.9598749755811725
long,2022-11-07T19:00:00+00:00,2022-11-07T20:00:00+00:00,2022-11-07T21:00:00+00:00,1599.9,1575.3425,stop,-0.01534939683730241,0.0,0.001,-0.01634939683730241,0.01534939683730236,-1.065149139774003,-1.1043469408531,0.27771556550951293
long,2022-11-08T16:00:00+00:00,2022-11-08T17:00:00+00:00,2022-11-08T17:00:00+00:00,1545.29,1500.5925,stop,-0.02892499142555771,0.0,0.001,-0.029924991425557712,0.02892499142555765,-1.0345721796521081,-2.339504446557413,0.20605179260584994
long,2022-11-10T08:00:00+00:00,2022-11-10T09:00:00+00:00,2022-11-10T13:00:00+00:00,1215.35,1310.0025,take,0.07788085736619088,0.0,0.001,0.07688085736619088,0.05841064302464313,1.3162131657026146,-0.5776920842027403,1.5586839579866727
long,2022-11-11T23:00:00+00:00,2022-11-12T00:00:00+00:00,2022-11-12T05:00:00+00:00,1288.67,1238.113125,stop,-0.039231824283951666,0.0,0.001,-0.04023182428395167,0.039231824283951694,-1.0254895105759596,-1.0022375789642848,0.05973470472611285
long,2023-02-17T17:00:00+00:00,2023-02-17T18:00:00+00:00,2023-02-18T18:00:00+00:00,1687.94,1693.63,time,0.003370972901880487,-0.0001,0.001,0.002270972901880487,0.015479667523727135,0.14670682677128266,-0.6927235325072982,1.3272735970913205
long,2023-03-23T14:00:00+00:00,2023-03-23T15:00:00+00:00,2023-03-23T15:00:00+00:00,1803.89,1843.069166666667,take,0.02171926595671958,0.0,0.001,0.02071926595671958,0.016289449467539605,1.2719439044276715,-0.07350845474848984,1.9095182388599368
long,2023-04-27T16:00:00+00:00,2023-04-27T17:00:00+00:00,2023-04-28T17:00:00+00:00,1898.94,1890.16,time,-0.004623632131610211,0.0,0.001,-0.005623632131610211,0.023859692775969752,-0.235695915467698,-0.5725242437200863,0.8554757011021794
long,2023-06-15T18:00:00+00:00,2023-06-15T19:00:00+00:00,2023-06-16T14:00:00+00:00,1668.6,1646.27875,stop,-0.013377232410403894,0.00013204000000000002,0.001,-0.014245192410403895,0.013377232410403962,-1.0648833759758027,-1.0729685837486627,0.5107240857926967
long,2023-07-01T03:00:00+00:00,2023-07-01T04:00:00+00:00,2023-07-02T04:00:00+00:00,1919.72,1912.92,time,-0.003542183235055063,-0.00030000000000000003,0.001,-0.004842183235055063,0.016608541870689473,-0.291547763359075,-0.3503352021013877,0.3120711961422406
long,2023-11-22T09:00:00+00:00,2023-11-22T10:00:00+00:00,2023-11-22T18:00:00+00:00,2010.23,2055.0491666666667,take,0.02229554163785563,-0.0001,0.001,0.02119554163785563,0.016721656228391772,1.267550375893246,-0.20110443820538276,1.6888607924437034
long,2023-12-07T17:00:00+00:00,2023-12-07T18:00:00+00:00,2023-12-07T21:00:00+00:00,2336.97,2376.025833333333,take,0.016712167179438797,0.0,0.001,0.015712167179438796,0.012534125384579169,1.2535511411725302,-0.33422237395182175,1.7148099942390185
long,2023-12-07T22:00:00+00:00,2023-12-07T23:00:00+00:00,2023-12-08T04:00:00+00:00,2351.39,2392.1699999999996,take,0.017342933328796883,-0.00022693,0.001,0.016116003328796882,0.013007199996597737,1.2390063451790014,-0.09514467876409764,1.5056400196174735
long,2023-12-08T05:00:00+00:00,2023-12-08T06:00:00+00:00,2023-12-08T13:00:00+00:00,2377.69,2345.030625,stop,-0.01373575823593498,-0.00012399,0.001,-0.014859748235934979,0.013735758235934871,-1.0818294833596864,-1.3573437948521623,0.1592192134723972
