signal_time,entry_time,exit_time,calendar_year,trend_regime,volatility_regime,regime,trend_90d,volatility_30d,trend_threshold_past_median,volatility_threshold_past_median,exit_reason,net_return,initial_risk_return,result_r
2021-01-03T19:00:00+00:00,2021-01-03T19:30:00+00:00,2021-01-03T20:00:00+00:00,2021,insufficient_history,insufficient_history,insufficient_history,,,,,take,0.036788371905254746,0.028341278928941036,1.2980491105391812
2021-01-04T05:00:00+00:00,2021-01-04T05:30:00+00:00,2021-01-04T06:00:00+00:00,2021,insufficient_history,insufficient_history,insufficient_history,,,,,take,0.04662369363100061,0.03571777022325038,1.3053360649218535
2021-01-04T06:30:00+00:00,2021-01-04T07:00:00+00:00,2021-01-04T07:00:00+00:00,2021,insufficient_history,insufficient_history,insufficient_history,,,,,stop,-0.039442825112107616,0.038442825112107636,-1.0260126563821406
2021-01-04T07:30:00+00:00,2021-01-04T08:00:00+00:00,2021-01-04T08:30:00+00:00,2021,insufficient_history,insufficient_history,insufficient_history,,,,,stop,-0.04917309063257444,0.044423090632574505,-1.1069263739276363
2021-01-04T12:30:00+00:00,2021-01-04T13:00:00+00:00,2021-01-05T00:00:00+00:00,2021,insufficient_history,insufficient_history,insufficient_history,,,,,take,0.07779546745789186,0.05973734059341888,1.3022921121879067
2021-01-05T00:30:00+00:00,2021-01-05T01:00:00+00:00,2021-01-05T03:30:00+00:00,2021,insufficient_history,insufficient_history,insufficient_history,,,,,stop,-0.05361864676707462,0.05261864676707471,-1.0190046696644743
2021-01-05T08:00:00+00:00,2021-01-05T08:30:00+00:00,2021-01-05T19:30:00+00:00,2021,insufficient_history,insufficient_history,insufficient_history,,,,,take,0.07084722276132427,0.05388541707099331,1.3147754367008797
2021-01-09T12:00:00+00:00,2021-01-09T12:30:00+00:00,2021-01-09T20:30:00+00:00,2021,insufficient_history,insufficient_history,insufficient_history,,,,,take,0.04037307604643181,0.03220661703482392,1.2535646324721958
2021-01-09T23:00:00+00:00,2021-01-09T23:30:00+00:00,2021-01-10T01:00:00+00:00,2021,insufficient_history,insufficient_history,insufficient_history,,,,,take,0.027092732185675303,0.023623464139256575,1.1468568718782284
2021-01-10T13:00:00+00:00,2021-01-10T13:30:00+00:00,2021-01-10T15:00:00+00:00,2021,insufficient_history,insufficient_history,insufficient_history,,,,,stop,-0.02740520277826397,0.026405202778263834,-1.0378713243900295
2021-01-10T16:00:00+00:00,2021-01-10T16:30:00+00:00,2021-01-10T17:00:00+00:00,2021,insufficient_history,insufficient_history,insufficient_history,,,,,stop,-0.028500666209837044,0.027500666209837082,-1.0363627554463484
2021-01-11T23:00:00+00:00,2021-01-11T23:30:00+00:00,2021-01-12T14:30:00+00:00,2021,insufficient_history,insufficient_history,insufficient_history,,,,,stop,-0.06709426689288983,0.0655434268928899,-1.0236612590082341
2021-01-13T07:30:00+00:00,2021-01-13T08:00:00+00:00,2021-01-13T22:00:00+00:00,2021,insufficient_history,insufficient_history,insufficient_history,,,,,take,0.04901424488009339,0.03759948366007002,1.3035882440094688
2021-01-16T08:30:00+00:00,2021-01-16T09:00:00+00:00,2021-01-16T15:30:00+00:00,2021,insufficient_history,insufficient_history,insufficient_history,,,,,take,0.03734408487425067,0.028758063655688042,1.2985604775537245
2021-01-17T16:00:00+00:00,2021-01-17T16:30:00+00:00,2021-01-18T03:00:00+00:00,2021,insufficient_history,insufficient_history,insufficient_history,,,,,stop,-0.02842997277699528,0.026339152776995337,-1.079380685388866
2021-01-20T00:00:00+00:00,2021-01-20T00:30:00+00:00,2021-01-20T03:30:00+00:00,2021,insufficient_history,insufficient_history,insufficient_history,,,,,stop,-0.029110994347782637,0.028110994347782643,-1.035573270288067
2021-01-20T23:00:00+00:00,2021-01-20T23:30:00+00:00,2021-01-21T02:30:00+00:00,2021,insufficient_history,insufficient_history,insufficient_history,,,,,stop,-0.03207666468775848,0.030727294687758464,-1.0439143768988421
2021-01-22T11:00:00+00:00,2021-01-22T11:30:00+00:00,2021-01-22T19:00:00+00:00,2021,insufficient_history,insufficient_history,insufficient_history,,,,,take,0.05479906415035718,0.04184929811276796,1.309438069969406
2021-01-23T19:00:00+00:00,2021-01-23T19:30:00+00:00,2021-01-23T21:30:00+00:00,2021,insufficient_history,insufficient_history,insufficient_history,,,,,stop,-0.0220718154332058,0.02107181543320585,-1.047456755834341
2021-01-24T04:00:00+00:00,2021-01-24T04:30:00+00:00,2021-01-24T05:00:00+00:00,2021,insufficient_history,insufficient_history,insufficient_history,,,,,take,0.024138748446557723,0.018854061334918303,1.2802943629896872
2021-01-24T05:30:00+00:00,2021-01-24T06:00:00+00:00,2021-01-24T14:30:00+00:00,2021,insufficient_history,insufficient_history,insufficient_history,,,,,stop,-0.019631871234939702,0.01863187123493977,-1.0536714743994506
2021-01-24T16:30:00+00:00,2021-01-24T17:00:00+00:00,2021-01-24T17:30:00+00:00,2021,insufficient_history,insufficient_history,insufficient_history,,,,,take,0.023046609107227112,0.018034956830420265,1.2778854601056486
2021-01-24T18:30:00+00:00,2021-01-24T19:00:00+00:00,2021-01-24T19:00:00+00:00,2021,insufficient_history,insufficient_history,insufficient_history,,,,,stop,-0.019483197850035605,0.01848319785003554,-1.0541031918888508
2021-01-24T19:30:00+00:00,2021-01-24T20:00:00+00:00,2021-01-24T22:30:00+00:00,2021,insufficient_history,insufficient_history,insufficient_history,,,,,take,0.02517309376968868,0.019629820327266432,1.2823904320062711
2021-01-26T19:00:00+00:00,2021-01-26T19:30:00+00:00,2021-01-27T04:00:00+00:00,2021,insufficient_history,insufficient_history,insufficient_history,,,,,stop,-0.030442291106457794,0.02907887110645777,-1.046886964593933
2021-01-28T03:30:00+00:00,2021-01-28T04:00:00+00:00,2021-01-28T13:30:00+00:00,2021,insufficient_history,insufficient_history,insufficient_history,,,,,take,0.038126436772686,0.029419827579514495,1.295943583273549
2021-01-30T18:30:00+00:00,2021-01-30T19:00:00+00:00,2021-01-31T05:30:00+00:00,2021,insufficient_history,insufficient_history,insufficient_history,,,,,stop,-0.021297188034559822,0.020297188034559748,-1.049267908357423
2021-02-05T06:00:00+00:00,2021-02-05T06:30:00+00:00,2021-02-05T13:30:00+00:00,2021,insufficient_history,insufficient_history,insufficient_history,,0.39193019187426636,,0.4085816661062396,take,0.03075805501791795,0.023818541263438426,1.2913492340998947
2021-02-07T23:30:00+00:00,2021-02-08T00:00:00+00:00,2021-02-08T02:30:00+00:00,2021,insufficient_history,insufficient_history,insufficient_history,,0.3801040843297508,,0.3948530434819677,stop,-0.022262763647642802,0.021162763647642677,-1.051978088415813
2021-02-08T09:30:00+00:00,2021-02-08T10:00:00+00:00,2021-02-08T12:00:00+00:00,2021,insufficient_history,insufficient_history,insufficient_history,,0.3793189473072399,,0.3947353920338003,take,0.02682964775431096,0.02087223581573331,1.2854227975944486
2021-02-10T05:00:00+00:00,2021-02-10T05:30:00+00:00,2021-02-10T08:00:00+00:00,2021,insufficient_history,insufficient_history,insufficient_history,,0.3864451090260084,,0.3945521646826631,take,0.02439120864027744,0.019043406480208035,1.2808217198759801
2021-02-11T09:30:00+00:00,2021-02-11T10:00:00+00:00,2021-02-11T13:00:00+00:00,2021,insufficient_history,insufficient_history,insufficient_history,,0.3633595411297651,,0.39401904333635734,take,0.025088284019653906,0.01956621301474039,1.282224823002459
2021-02-12T18:00:00+00:00,2021-02-12T18:30:00+00:00,2021-02-13T03:00:00+00:00,2021,insufficient_history,insufficient_history,insufficient_history,,0.3558481609769015,,0.3929474759998999,take,0.018299392904469136,0.014474544678351773,1.264246531487642
2021-02-15T11:00:00+00:00,2021-02-15T11:30:00+00:00,2021-02-15T16:00:00+00:00,2021,insufficient_history,insufficient_history,insufficient_history,,0.3470143285838577,,0.38859594055347546,take,0.021984009465705875,0.017846602099279355,1.231831658677121
2021-02-15T16:30:00+00:00,2021-02-15T17:00:00+00:00,2021-02-15T21:30:00+00:00,2021,insufficient_history,insufficient_history,insufficient_history,,0.3455961320804083,,0.3884638480384881,stop,-0.018423497649878606,0.017423497649878526,-1.0573937575620502
2021-02-15T22:30:00+00:00,2021-02-15T23:00:00+00:00,2021-02-16T00:00:00+00:00,2021,insufficient_history,insufficient_history,insufficient_history,,0.34468969524492366,,0.38823909776816157,stop,-0.019980070925528226,0.0189800709255282,-1.0526868421052644
2021-02-18T23:30:00+00:00,2021-02-19T00:00:00+00:00,2021-02-19T01:30:00+00:00,2021,insufficient_history,insufficient_history,insufficient_history,,0.3388471562214107,,0.3816380318475456,stop,-0.014473696886333709,0.013473696886333665,-1.074218680176362
2021-02-23T22:30:00+00:00,2021-02-23T23:00:00+00:00,2021-02-24T08:30:00+00:00,2021,insufficient_history,insufficient_history,insufficient_history,,0.34118284604090904,,0.3598824281370916,take,0.0688112897026375,0.05235846727697825,1.314234225738947
2021-02-26T15:30:00+00:00,2021-02-26T16:00:00+00:00,2021-02-26T19:30:00+00:00,2021,insufficient_history,insufficient_history,insufficient_history,,0.34733075544887904,,0.35350014580196587,stop,-0.03003020052168237,0.029030200521682432,-1.034446885726919
2021-02-28T20:30:00+00:00,2021-02-28T21:00:00+00:00,2021-03-01T08:00:00+00:00,2021,insufficient_history,insufficient_history,insufficient_history,,0.3117315222197988,,0.35049352896305186,take,0.038477404145286095,0.02968305310896457,1.2962751508087134
2021-03-06T19:00:00+00:00,2021-03-06T19:30:00+00:00,2021-03-06T20:30:00+00:00,2021,insufficient_history,insufficient_history,insufficient_history,,0.3108855606122205,,0.3449275868202366,take,0.018837066727603324,0.014877800045702416,1.266119094875494
2021-03-06T21:00:00+00:00,2021-03-06T21:30:00+00:00,2021-03-07T00:00:00+00:00,2021,insufficient_history,insufficient_history,insufficient_history,,0.3107235923357081,,0.344920722000862,take,0.019706773098761565,0.015530079824071145,1.2689421639814544
2021-03-16T07:30:00+00:00,2021-03-16T08:00:00+00:00,2021-03-16T12:30:00+00:00,2021,insufficient_history,insufficient_history,insufficient_history,,0.28383820614423083,,0.3405335253215067,stop,-0.018528010367933834,0.01752801036793387,-1.0570515408770744
2021-03-16T16:00:00+00:00,2021-03-16T16:30:00+00:00,2021-03-16T17:30:00+00:00,2021,insufficient_history,insufficient_history,insufficient_history,,0.2838338602569124,,0.34011293953202093,stop,-0.016174812228188507,0.015174812228188537,-1.0658986737339908
2021-03-19T16:00:00+00:00,2021-03-19T16:30:00+00:00,2021-03-20T13:00:00+00:00,2021,insufficient_history,insufficient_history,insufficient_history,,0.2811617551355619,,0.3381192116839075,take,0.014413142400985058,0.012406689300738806,1.1617234905791323
2021-03-23T18:00:00+00:00,2021-03-23T18:30:00+00:00,2021-03-23T19:00:00+00:00,2021,insufficient_history,insufficient_history,insufficient_history,,0.28272652318715724,,0.3283854915045754,stop,-0.016388854819396115,0.015388854819396185,-1.064982093322469
2021-03-25T18:30:00+00:00,2021-03-25T19:00:00+00:00,2021-03-25T22:30:00+00:00,2021,insufficient_history,insufficient_history,insufficient_history,,0.25849353969885014,,0.32082722498313904,stop,-0.021464238591100804,0.020464238591100855,-1.0488657320695436
2021-03-26T00:00:00+00:00,2021-03-26T00:30:00+00:00,2021-03-26T13:30:00+00:00,2021,insufficient_history,insufficient_history,insufficient_history,,0.25240974953779743,,0.32070358306584035,take,0.02115185658141071,0.016688892436057975,1.267421230165644
2021-04-01T06:30:00+00:00,2021-04-01T07:00:00+00:00,2021-04-01T08:00:00+00:00,2021,insufficient_history,insufficient_history,insufficient_history,1.014738349093923,0.22021020361390814,,0.31294412226462825,take,0.018019656403973072,0.014264742302979758,1.2632304195364925
2021-04-01T18:30:00+00:00,2021-04-01T19:00:00+00:00,2021-04-02T02:00:00+00:00,2021,strong,low,strong_low,1.0210240997407056,0.21783833196631808,1.015077524153598,0.31220928304033235,take,0.018525429033359304,0.015022461775019437,1.2331819718233454
2021-04-03T03:30:00+00:00,2021-04-03T04:00:00+00:00,2021-04-03T15:30:00+00:00,2021,weak,low,weak_low,0.81964045201615,0.21146707666452919,1.0094735820386438,0.31165042096483386,stop,-0.015714314400716668,0.013282374400716765,-1.1830952754854334
2021-04-04T13:00:00+00:00,2021-04-04T13:30:00+00:00,2021-04-05T02:00:00+00:00,2021,strong,low,strong_low,0.8638341780783692,0.2027959494351092,0.8629242858427808,0.3108316157366643,stop,-0.018959056397043636,0.017231176397043604,-1.100276380450524
2021-04-08T07:00:00+00:00,2021-04-08T07:30:00+00:00,2021-04-08T10:00:00+00:00,2021,weak,low,weak_low,0.4644072446100618,0.19679742187904053,0.7822583956476185,0.3098461606171067,stop,-0.018110420118196857,0.01711042011819691,-1.0584439185649481
2021-04-15T00:30:00+00:00,2021-04-15T01:00:00+00:00,2021-04-15T03:30:00+00:00,2021,weak,low,weak_low,0.5893325178106557,0.17659925135069005,0.7204738543586964,0.308658523893274,take,0.02412398190917664,0.018842986431882595,1.2802631895100518
2021-04-15T04:30:00+00:00,2021-04-15T05:00:00+00:00,2021-04-15T22:00:00+00:00,2021,weak,low,weak_low,0.6386552372070342,0.1765446576622412,0.719058576176375,0.3086359386269453,take,0.02329842691642634,0.019049547687319757,1.2230435755666174
2021-04-17T00:00:00+00:00,2021-04-17T00:30:00+00:00,2021-04-17T11:00:00+00:00,2021,weak,low,weak_low,0.7066678901582615,0.17276344416706704,0.711556196349014,0.307966814226563,stop,-0.022083352260415447,0.02010005226041548,-1.0986713852434018
2021-04-18T20:00:00+00:00,2021-04-18T20:30:00+00:00,2021-04-19T14:30:00+00:00,2021,weak,low,weak_low,0.5493240927547933,0.1839025180684124,0.7043299875543928,0.2882876733089023,stop,-0.033764292100461966,0.03256429210046201,-1.0368501792177123
2021-04-20T10:00:00+00:00,2021-04-20T10:30:00+00:00,2021-04-20T16:30:00+00:00,2021,weak,low,weak_low,0.5988510266943994,0.18792452776344357,0.6900468404332397,0.2845529023633992,take,0.032793100267928366,0.02534482520094626,1.2938775473071331
2021-04-21T12:00:00+00:00,2021-04-21T12:30:00+00:00,2021-04-21T14:30:00+00:00,2021,strong,low,strong_low,0.7425630149288371,0.18953724362401395,0.6826523266468474,0.28421676981242083,take,0.02657426736250501,0.02068070052187874,1.2849790718835314
2021-04-21T18:00:00+00:00,2021-04-21T18:30:00+00:00,2021-04-21T22:00:00+00:00,2021,strong,low,strong_low,0.7408543380873298,0.18983980081361887,0.6851135798890793,0.2840456206745742,stop,-0.02077252032755339,0.019772520327553347,-1.050575241973909
2021-04-22T00:30:00+00:00,2021-04-22T01:00:00+00:00,2021-04-22T02:00:00+00:00,2021,strong,low,strong_low,0.8294597114455597,0.1875122254682018,0.6870046634467213,0.28399728509821504,stop,-0.021573007147466017,0.02057300714746609,-1.048607381158816
2021-04-22T02:30:00+00:00,2021-04-22T03:00:00+00:00,2021-04-22T05:30:00+00:00,2021,strong,low,strong_low,0.7506344665139779,0.18783778110039973,0.687488186807987,0.2839849580507868,take,0.027839068040779957,0.02162930103058507,1.287099754236807
2021-04-22T06:00:00+00:00,2021-04-22T06:30:00+00:00,2021-04-22T08:00:00+00:00,2021,strong,low,strong_low,0.712288919914633,0.18718039470870426,0.6881786965795447,0.28396758941897193,stop,-0.022791177063737917,0.021679667063737966,-1.0512696987796042
2021-04-22T08:30:00+00:00,2021-04-22T09:00:00+00:00,2021-04-22T11:00:00+00:00,2021,strong,low,strong_low,0.7015444735320082,0.18685831070186884,0.6894183103121694,0.2839550488769333,take,0.029222528028054584,0.02266689602104086,1.2892161326777327
2021-04-22T13:30:00+00:00,2021-04-22T14:00:00+00:00,2021-04-22T16:00:00+00:00,2021,strong,low,strong_low,0.6930835098595545,0.1881365088840346,0.691246149379376,0.28391102649867134,take,0.029218084458091265,0.0226635633435685,1.2892096452424289
2021-04-22T16:30:00+00:00,2021-04-22T17:00:00+00:00,2021-04-22T17:30:00+00:00,2021,strong,low,strong_low,0.6964097550008461,0.18817590720642438,0.6910146602031164,0.28389371836424104,stop,-0.022993810152497907,0.02199381015249792,-1.045467337994932
2021-04-22T18:00:00+00:00,2021-04-22T18:30:00+00:00,2021-04-22T19:00:00+00:00,2021,weak,low,weak_low,0.640702657965744,0.18920714241673414,0.6905835980361356,0.2838917301868683,stop,-0.024712681330334108,0.023712681330334044,-1.0421715278027555
2021-04-22T19:30:00+00:00,2021-04-22T20:00:00+00:00,2021-04-22T20:00:00+00:00,2021,weak,low,weak_low,0.5751913401741617,0.18911918100083458,0.6899411449973247,0.28388983394306455,stop,-0.025773340289809377,0.0247733402898094,-1.0403659735950639
2021-04-23T18:00:00+00:00,2021-04-23T18:30:00+00:00,2021-04-24T02:00:00+00:00,2021,weak,low,weak_low,0.5772534042615789,0.1973480455357586,0.6835842201123852,0.2838097172177396,stop,-0.042650962339681575,0.04165096233968163,-1.0240090491029838
2021-04-25T18:00:00+00:00,2021-04-25T18:30:00+00:00,2021-04-25T20:30:00+00:00,2021,weak,low,weak_low,0.4603542686748734,0.19160103338207712,0.6686031161360549,0.28363711932385816,stop,-0.019921398002542556,0.018921398002542528,-1.0528502175085401
2021-04-25T23:00:00+00:00,2021-04-25T23:30:00+00:00,2021-04-26T00:00:00+00:00,2021,weak,low,weak_low,0.5099458523610716,0.1946164435747346,0.6661189163408179,0.28356203210721775,take,0.027351054665386898,0.021263290999040084,1.28630392476036
2021-04-28T20:30:00+00:00,2021-04-28T21:00:00+00:00,2021-04-29T09:00:00+00:00,2021,weak,low,weak_low,0.6692139299085225,0.1994805211724562,0.6759934632817604,0.28252988577067234,take,0.02282714292929111,0.01787035719696827,1.2773747428598554
2021-04-29T11:00:00+00:00,2021-04-29T11:30:00+00:00,2021-04-29T17:00:00+00:00,2021,weak,low,weak_low,0.4643498674245594,0.2000606514814824,0.6725673153407655,0.2823799837764551,stop,-0.017310225154295922,0.01631022515429584,-1.0613112320976572
2021-05-04T00:00:00+00:00,2021-05-04T00:30:00+00:00,2021-05-04T00:30:00+00:00,2021,weak,low,weak_low,0.5602561621548012,0.20208039089376117,0.6741198288095075,0.2814893444890896,stop,-0.018569954379508036,0.017569954379508052,-1.0569153441380752
2021-05-04T01:00:00+00:00,2021-05-04T01:30:00+00:00,2021-05-04T02:00:00+00:00,2021,weak,low,weak_low,0.5422254040578025,0.20319968218306578,0.6740450015776134,0.2814890591448338,stop,-0.021253725240777843,0.020253725240777752,-1.049373633152026
2021-05-04T04:00:00+00:00,2021-05-04T04:30:00+00:00,2021-05-04T10:30:00+00:00,2021,weak,low,weak_low,0.5180593580334556,0.20322341929133628,0.6725673153407655,0.2814869656190787,take,0.029349753892718433,0.02276231541953876,1.28940107154148
2021-05-04T11:00:00+00:00,2021-05-04T11:30:00+00:00,2021-05-04T15:00:00+00:00,2021,weak,low,weak_low,0.5574767209843698,0.20357418639751562,0.6716607573334508,0.28147017866504814,stop,-0.02566650082119082,0.02466650082119082,-1.040540813115288
2021-05-04T19:30:00+00:00,2021-05-04T20:00:00+00:00,2021-05-04T22:00:00+00:00,2021,weak,low,weak_low,0.48249294489782546,0.20423643391454235,0.6703191212367301,0.28144243707352684,stop,-0.03130659583251605,0.030306595832515982,-1.0329961175952056
2021-05-06T16:30:00+00:00,2021-05-06T17:00:00+00:00,2021-05-06T18:30:00+00:00,2021,weak,low,weak_low,0.500288200577035,0.2096420737138611,0.6602107657595693,0.28116275520832373,stop,-0.01833496786878952,0.01733496786878957,-1.0576868678136047
2021-05-09T08:00:00+00:00,2021-05-09T08:30:00+00:00,2021-05-09T09:30:00+00:00,2021,weak,low,weak_low,0.48182355373890884,0.2136909179696362,0.6396262580353256,0.2809219755156828,stop,-0.01926187565049564,0.018261875650495658,-1.0547588878129746
2021-05-09T10:00:00+00:00,2021-05-09T10:30:00+00:00,2021-05-09T12:00:00+00:00,2021,weak,low,weak_low,0.47809885772265925,0.2134347234057367,0.6394458151245056,0.2809218405583743,stop,-0.020161375620507127,0.019161375620507133,-1.0521883198683168
2021-05-09T16:30:00+00:00,2021-05-09T17:00:00+00:00,2021-05-09T19:30:00+00:00,2021,weak,low,weak_low,0.3320173645952731,0.2144318302448562,0.6364679827490487,0.2809086728323788,stop,-0.021027285533227413,0.020027285533227458,-1.0499318791026795
2021-05-09T23:30:00+00:00,2021-05-10T00:00:00+00:00,2021-05-10T03:00:00+00:00,2021,weak,low,weak_low,0.2549165448904358,0.21464208971221682,0.6341980477385087,0.280864655380389,take,0.02385458467737489,0.018640938508031148,1.2796879656621112
2021-05-10T18:00:00+00:00,2021-05-10T18:30:00+00:00,2021-05-10T19:30:00+00:00,2021,weak,low,weak_low,0.20631833646530517,0.21447525516254587,0.6279055449608768,0.280734713084799,stop,-0.018951295610915797,0.0179512956109157,-1.0557062855893267
2021-05-11T10:00:00+00:00,2021-05-11T10:30:00+00:00,2021-05-11T12:00:00+00:00,2021,weak,low,weak_low,0.19038348384293147,0.2170652407038782,0.6211671134072306,0.2806552502658143,stop,-0.029889236107700334,0.02888923610770032,-1.0346149685741766
2021-05-11T15:00:00+00:00,2021-05-11T15:30:00+00:00,2021-05-12T00:00:00+00:00,2021,weak,low,weak_low,0.26115991927533866,0.21824786412881372,0.6191280530494085,0.28063016625609516,take,0.03789106866886349,0.029168301501647665,1.2990495407051073
2021-05-14T04:30:00+00:00,2021-05-14T05:00:00+00:00,2021-05-14T09:30:00+00:00,2021,weak,low,weak_low,0.025882417647894673,0.23585858467908485,0.6042762983776344,0.27941124928493244,take,0.04633325003507294,0.0354999375263047,1.305164269676277
2021-05-15T00:30:00+00:00,2021-05-15T01:00:00+00:00,2021-05-15T06:30:00+00:00,2021,weak,low,weak_low,0.038462143774901536,0.23651033229439128,0.5975628879566284,0.27903585190981894,stop,-0.02131645111117164,0.02031645111117167,-1.0492211949088928
2021-05-17T08:30:00+00:00,2021-05-17T09:00:00+00:00,2021-05-17T13:00:00+00:00,2021,weak,low,weak_low,-0.08154350966819646,0.2528135480181344,0.5760780498740028,0.2766767766924983,stop,-0.03493165442743851,0.03393165442743846,-1.0294710062587284
2021-05-18T09:30:00+00:00,2021-05-18T10:00:00+00:00,2021-05-18T13:00:00+00:00,2021,weak,low,weak_low,-0.12723596409923177,0.2527731072969652,0.5696333636768545,0.2595518924683523,stop,-0.031223004272446175,0.030223004272446174,-1.033087379103198
2021-05-18T20:00:00+00:00,2021-05-18T20:30:00+00:00,2021-05-18T23:00:00+00:00,2021,weak,low,weak_low,-0.17128781232119017,0.25297743310251997,0.5663578803971087,0.25848986088391834,stop,-0.029583371771217726,0.028583371771217708,-1.0349853756933944
2021-05-19T17:00:00+00:00,2021-05-19T17:30:00+00:00,2021-05-19T18:00:00+00:00,2021,weak,high,weak_high,-0.23148326095583605,0.30104103112322617,0.5616794785291781,0.25831565227598985,stop,-0.07726137654457799,0.07626137654457803,-1.0131127976612828
2021-05-20T07:30:00+00:00,2021-05-20T08:00:00+00:00,2021-05-21T08:00:00+00:00,2021,weak,high,weak_high,-0.22900254767235395,0.3166634899909652,0.5592823962666011,0.2594075213909544,time,-0.010238382683727374,0.09493908790884618,-0.1078415951663402
2021-05-22T10:30:00+00:00,2021-05-22T11:00:00+00:00,2021-05-22T14:30:00+00:00,2021,weak,high,weak_high,-0.3354129115435749,0.34696940068124527,0.5500917638752636,0.2775300038817314,stop,-0.05655968445616888,0.05555968445616882,-1.0179986623356179
2021-05-23T20:30:00+00:00,2021-05-23T21:00:00+00:00,2021-05-24T07:00:00+00:00,2021,weak,high,weak_high,-0.3759706007359104,0.3539752042532346,0.5435884684048118,0.2789976134351658,take,0.07106034119374194,0.0540452558953065,1.314830321673305
2021-05-25T21:30:00+00:00,2021-05-25T22:00:00+00:00,2021-05-26T01:30:00+00:00,2021,weak,high,weak_high,-0.22160795123633403,0.36361923286967696,0.5359058621677275,0.27996575914867206,take,0.0509832746939457,0.038987456020459305,1.3076840578464877
2021-05-27T09:00:00+00:00,2021-05-27T09:30:00+00:00,2021-05-27T21:00:00+00:00,2021,weak,high,weak_high,-0.14797435181195684,0.36503462551689647,0.5305633969685225,0.28062403054908724,stop,-0.030303873045209994,0.02920387304520998,-1.0376662368822493
2021-05-30T05:00:00+00:00,2021-05-30T05:30:00+00:00,2021-05-30T07:30:00+00:00,2021,weak,high,weak_high,-0.23507226821292682,0.37922420572485754,0.517686194491324,0.2809442768321563,take,0.03865770662380508,0.029743279967853822,1.2997122935192709
2021-06-02T05:30:00+00:00,2021-06-02T06:00:00+00:00,2021-06-02T09:00:00+00:00,2021,weak,high,weak_high,-0.2591175887348669,0.38388542381744295,0.4993428973315195,0.281327526123067,take,0.029197647917708614,0.02272323593828148,1.2849247350602822
2021-06-04T21:00:00+00:00,2021-06-04T21:30:00+00:00,2021-06-04T23:00:00+00:00,2021,weak,high,weak_high,-0.23433005477730828,0.3843747532727796,0.4860712632075781,0.2815685017042131,stop,-0.022118865435840185,0.021118865435840226,-1.0473510285407135
2021-06-05T00:00:00+00:00,2021-06-05T00:30:00+00:00,2021-06-05T08:30:00+00:00,2021,weak,high,weak_high,-0.24217019065906498,0.3842773144878712,0.4846627855228002,0.2815734638002766,take,0.02780434517761543,0.021603258883211615,1.2870440209010698
2021-06-06T05:30:00+00:00,2021-06-06T06:00:00+00:00,2021-06-07T00:30:00+00:00,2021,weak,high,weak_high,-0.28629779991844995,0.3863816350821799,0.47909370955216146,0.28175450865304014,take,0.02534489571654507,0.01983367178740876,1.2778720949005047
2021-06-08T20:00:00+00:00,2021-06-08T20:30:00+00:00,2021-06-09T01:00:00+00:00,2021,weak,high,weak_high,-0.4141900517464219,0.3890562575442935,0.4630755816030162,0.2824050227794162,stop,-0.030576034400760843,0.029576034400760936,-1.0338111589420582
2021-06-12T10:30:00+00:00,2021-06-12T11:00:00+00:00,2021-06-12T12:30:00+00:00,2021,weak,high,weak_high,-0.4098994213703807,0.3900164236889707,0.4371731140494528,0.2836398290378286,take,0.022335207605224006,0.017501405703917967,1.276195065875418
2021-06-12T13:00:00+00:00,2021-06-12T13:30:00+00:00,2021-06-12T15:30:00+00:00,2021,weak,high,weak_high,-0.40527402489626563,0.39001251281099314,0.43658075751284486,0.28365448494779855,stop,-0.018840575744983656,0.017840575744983704,-1.056052002709673
2021-06-12T16:00:00+00:00,2021-06-12T16:30:00+00:00,2021-06-13T03:00:00+00:00,2021,weak,high,weak_high,-0.4070976372599241,0.38968423295613297,0.4363196024546592,0.28366094560966226,stop,-0.01932544950867665,0.018325449508676536,-1.0545689206437554
2021-06-19T12:00:00+00:00,2021-06-19T12:30:00+00:00,2021-06-19T18:00:00+00:00,2021,weak,high,weak_high,-0.35523090093292964,0.31529044301976095,0.25995132730189874,0.2892642670594011,stop,-0.019044640271363,0.017944640271362968,-1.061299640637292
2021-06-20T18:30:00+00:00,2021-06-20T19:00:00+00:00,2021-06-20T19:30:00+00:00,2021,weak,low,weak_low,-0.38263513278149686,0.29629285451097276,0.23767724710517224,0.30104103112322617,take,0.020260704539280305,0.015945528404460237,1.270619826785611
2021-06-21T02:30:00+00:00,2021-06-21T03:00:00+00:00,2021-06-21T04:00:00+00:00,2021,weak,low,weak_low,-0.35658765665155245,0.2915357192085772,0.22376058941198562,0.29766878160520466,stop,-0.01864886091620066,0.0176488609162007,-1.0566608805377355
2021-06-30T18:30:00+00:00,2021-06-30T19:00:00+00:00,2021-06-30T20:00:00+00:00,2021,weak,low,weak_low,-0.40802122863136636,0.270562464881144,-0.01527383488015055,0.2846785404833566,take,0.0223032151193433,0.017477411339507573,1.2761166219694693
2021-06-30T20:30:00+00:00,2021-06-30T21:00:00+00:00,2021-07-01T02:30:00+00:00,2021,weak,low,weak_low,-0.4134495193388549,0.27074014721686457,-0.01696354475520323,0.28463930951064587,stop,-0.019509493082615525,0.01840949308261538,-1.0597517810546835
2021-07-01T03:00:00+00:00,2021-07-01T03:30:00+00:00,2021-07-01T06:30:00+00:00,2021,weak,low,weak_low,-0.42886636683620794,0.27022914736604947,-0.025130314346640203,0.2845529023633992,stop,-0.02002746581975734,0.019027465819757484,-1.052555606168084
2021-07-16T03:00:00+00:00,2021-07-16T03:30:00+00:00,2021-07-16T06:00:00+00:00,2021,weak,low,weak_low,-0.4871035714681464,0.23326007690193384,-0.22172328311148815,0.28182770661990775,stop,-0.016517626002584662,0.015517626002584679,-1.0644428471103389
2021-07-20T15:00:00+00:00,2021-07-20T15:30:00+00:00,2021-07-20T16:30:00+00:00,2021,weak,low,weak_low,-0.4660430016944739,0.22554472696168995,-0.23432817427006208,0.28137994426434065,stop,-0.015589016416979073,0.014589016416979133,-1.068544716889626
2021-07-20T18:00:00+00:00,2021-07-20T18:30:00+00:00,2021-07-21T01:00:00+00:00,2021,weak,low,weak_low,-0.46396029069662603,0.22535531280654572,-0.23443628509435893,0.2813688406822755,stop,-0.016603945933857056,0.01560394593385705,-1.0640863538132512
2021-07-21T02:00:00+00:00,2021-07-21T02:30:00+00:00,2021-07-21T04:00:00+00:00,2021,weak,low,weak_low,-0.4439355624869755,0.2246360074832025,-0.23516888957881255,0.28134819970952096,take,0.019585926021587485,0.015439444516190632,1.268564163759171
2021-08-01T21:00:00+00:00,2021-08-01T21:30:00+00:00,2021-08-01T22:00:00+00:00,2021,weak,low,weak_low,-0.27682234724713173,0.18420072051162784,-0.2658106374177721,0.2790298792251781,stop,-0.015449714061638087,0.01444971406163809,-1.0692055216964365
2021-08-02T07:00:00+00:00,2021-08-02T07:30:00+00:00,2021-08-02T08:00:00+00:00,2021,weak,low,weak_low,-0.2847740100273868,0.18576463614028565,-0.2669251686022523,0.27888352793609716,stop,-0.018036857410738794,0.017036857410738765,-1.058696271025295
2021-08-02T14:30:00+00:00,2021-08-02T15:00:00+00:00,2021-08-03T01:00:00+00:00,2021,weak,low,weak_low,-0.27855403699826575,0.18571146369421873,-0.2673736633212833,0.27861710726247724,stop,-0.019725247600182804,0.01862524760018284,-1.0590596175478046
2021-08-05T14:00:00+00:00,2021-08-05T14:30:00+00:00,2021-08-05T21:30:00+00:00,2021,weak,low,weak_low,-0.3270933211666023,0.1827258683968775,-0.27195520311055105,0.275064615023608,take,0.0256254425039647,0.019969081877973555,1.2832559183519734
2021-08-13T02:30:00+00:00,2021-08-13T03:00:00+00:00,2021-08-13T07:00:00+00:00,2021,strong,low,strong_low,-0.096670542976667,0.20009217533910414,-0.26374626592551575,0.2699294119400189,take,0.019862002905537968,0.01564650217915355,1.2694212852250706
2021-08-17T10:00:00+00:00,2021-08-17T10:30:00+00:00,2021-08-17T14:00:00+00:00,2021,strong,low,strong_low,0.1815137817992012,0.20146570815906595,-0.25366910393060615,0.2678948208562959,stop,-0.014387453489987823,0.013387453489987815,-1.0746968047917318
2021-08-30T21:00:00+00:00,2021-08-30T21:30:00+00:00,2021-08-30T22:30:00+00:00,2021,strong,low,strong_low,0.33015145894778497,0.17345531295725386,-0.22537473741060604,0.25459010371753943,stop,-0.011919642183135792,0.010919642183135802,-1.0915780923247083
2021-08-31T07:00:00+00:00,2021-08-31T07:30:00+00:00,2021-08-31T07:30:00+00:00,2021,strong,low,strong_low,0.27852345645592114,0.17354876322378923,-0.22420709026185304,0.2544512103264416,take,0.015583462117309543,0.012437596587982155,1.2529319476696235
2021-08-31T09:00:00+00:00,2021-08-31T09:30:00+00:00,2021-08-31T11:00:00+00:00,2021,strong,low,strong_low,0.2715932423415095,0.1738646921371999,-0.22407662439052606,0.2544427749315873,take,0.016868364358282206,0.013401273268711758,1.2587135580366935
2021-08-31T15:00:00+00:00,2021-08-31T15:30:00+00:00,2021-09-01T04:00:00+00:00,2021,strong,low,strong_low,0.24480473590954244,0.17412494828887323,-0.22354044728723577,0.2540906889040516,take,0.019933598760485716,0.015775199070364287,1.263603626906586
2021-09-01T07:30:00+00:00,2021-09-01T08:00:00+00:00,2021-09-01T16:00:00+00:00,2021,strong,low,strong_low,0.222162944187271,0.17170107112857377,-0.22255862087807232,0.252986460434318,take,0.019282236964274103,0.015286677723205635,1.261375251929534
2021-09-08T16:30:00+00:00,2021-09-08T17:00:00+00:00,2021-09-09T12:30:00+00:00,2021,strong,low,strong_low,0.2616582232565343,0.17091001310742157,-0.19838821965422215,0.24499844841023874,stop,-0.02943474438811622,0.028434744388116252,-1.0351682429900055
2021-09-11T10:30:00+00:00,2021-09-11T11:00:00+00:00,2021-09-11T23:00:00+00:00,2021,strong,low,strong_low,0.2706130495971708,0.17059044593403364,-0.18623526693438164,0.24309652756617411,stop,-0.019487291372656933,0.018387291372656864,-1.0598239282614428
2021-09-13T23:30:00+00:00,2021-09-14T00:00:00+00:00,2021-09-14T15:00:00+00:00,2021,strong,low,strong_low,0.12067667243251545,0.177452266595499,-0.17349418206707723,0.2416451369273877,take,0.024940826144809736,0.019530619608607375,1.277011515488122
2021-09-21T07:30:00+00:00,2021-09-21T08:00:00+00:00,2021-09-21T14:00:00+00:00,2021,strong,low,strong_low,0.27453294592647115,0.18332441649994521,-0.08917043454109941,0.23671641023385503,stop,-0.027111440041119872,0.026111440041119864,-1.03829738989597
2021-09-22T06:30:00+00:00,2021-09-22T07:00:00+00:00,2021-09-22T16:00:00+00:00,2021,strong,low,strong_low,0.28264373959894407,0.1888243645139057,-0.08246753153659447,0.2364565291025886,take,0.033845121770848294,0.026208841328136195,1.291362763698915
2021-09-24T21:00:00+00:00,2021-09-24T21:30:00+00:00,2021-09-25T01:00:00+00:00,2021,strong,low,strong_low,0.3857728463016832,0.1995884739528335,-0.054210315782937724,0.23535286649475293,stop,-0.02389919485162917,0.022899194851629147,-1.0436696576661024
2021-09-25T04:00:00+00:00,2021-09-25T04:30:00+00:00,2021-09-25T08:00:00+00:00,2021,strong,low,strong_low,0.301160589559071,0.19962532629795815,-0.05151567092202358,0.23522708005502485,stop,-0.02503220032728759,0.024032200327287607,-1.0416108382246017
2021-10-07T20:00:00+00:00,2021-10-07T20:30:00+00:00,2021-10-07T23:30:00+00:00,2021,strong,low,strong_low,0.6250798828245487,0.2063242020000892,0.06819753259930617,0.22823065823125066,stop,-0.015467340548109831,0.014467340548109836,-1.0691212041822467
2021-10-27T04:00:00+00:00,2021-10-27T04:30:00+00:00,2021-10-27T07:00:00+00:00,2021,strong,low,strong_low,0.5331377465007692,0.18241003918122256,0.2103570011860384,0.2149072136763094,stop,-0.012586970407512665,0.011586970407512663,-1.086303836536221
2021-11-03T19:30:00+00:00,2021-11-03T20:00:00+00:00,2021-11-04T00:30:00+00:00,2021,strong,low,strong_low,0.5446802111063029,0.1817034054816045,0.23759906418223609,0.21115115044814955,stop,-0.012845990513055239,0.011845990513055299,-1.0844167483418001
2021-11-11T14:30:00+00:00,2021-11-11T15:00:00+00:00,2021-11-12T09:30:00+00:00,2021,strong,low,strong_low,0.4040242304059376,0.1769436611601834,0.2529637559942668,0.20977945244142288,stop,-0.015582297485223127,0.014382297485223008,-1.083435904537022
2021-11-19T08:00:00+00:00,2021-11-19T08:30:00+00:00,2021-11-19T16:30:00+00:00,2021,weak,low,weak_low,0.1728602614865158,0.17429711296872,0.2639088277221061,0.2078648877753872,take,0.02170815744172827,0.017031118081296193,1.2746172822070012
2021-11-23T14:00:00+00:00,2021-11-23T14:30:00+00:00,2021-11-23T14:30:00+00:00,2021,weak,low,weak_low,0.1887084657950664,0.17135634663596508,0.25562616166297225,0.206365513455895,take,0.01856297981031718,0.014672234857737795,1.2651773905137225
2021-11-23T15:00:00+00:00,2021-11-23T15:30:00+00:00,2021-11-23T20:00:00+00:00,2021,weak,low,weak_low,0.1807674221684783,0.1717518497854282,0.25558140800872753,0.2063595499354607,take,0.019479261374470425,0.015359446030852859,1.2682268185546537
2021-11-27T08:00:00+00:00,2021-11-27T08:30:00+00:00,2021-11-27T20:30:00+00:00,2021,weak,low,weak_low,0.13524259465465072,0.17183926144624942,0.250336650755531,0.20552074243086493,stop,-0.01814610661490368,0.01714610661490362,-1.0583222781975965
2021-11-30T17:00:00+00:00,2021-11-30T17:30:00+00:00,2021-11-30T18:30:00+00:00,2021,weak,low,weak_low,0.1681302875285997,0.17420990484677748,0.2442491279657435,0.20487365748022526,take,0.018561227076573483,0.014670920307430151,1.2651712835746964
2021-11-30T20:00:00+00:00,2021-11-30T20:30:00+00:00,2021-12-01T02:30:00+00:00,2021,weak,low,weak_low,0.1872972211560302,0.17503717313802314,0.24410586314215366,0.2048632022782043,take,0.019566476173438384,0.01554673213007873,1.2585587768366149
2021-12-04T18:00:00+00:00,2021-12-04T18:30:00+00:00,2021-12-05T05:30:00+00:00,2021,weak,high,weak_high,-0.03722510818468838,0.21168839350366878,0.2353325783687984,0.2042997621557269,take,0.038054344868528545,0.029290758651396336,1.2991928724493598
2021-12-08T14:00:00+00:00,2021-12-08T14:30:00+00:00,2021-12-09T00:00:00+00:00,2021,weak,high,weak_high,0.07026300429264909,0.21957895846910502,0.2271859593006358,0.20508416457524897,take,0.01760245428864693,0.013951840716485146,1.2616582031250048
2021-12-18T05:00:00+00:00,2021-12-18T05:30:00+00:00,2021-12-18T22:00:00+00:00,2021,weak,high,weak_high,-0.0261103214870243,0.22359155400823652,0.2050854879315489,0.2073419499721993,take,0.02286886595770331,0.017976649468277428,1.2721428427504777
2022-01-23T06:30:00+00:00,2022-01-23T07:00:00+00:00,2022-01-23T19:30:00+00:00,2022,weak,low,weak_low,-0.4317796586271768,0.17339245968476283,0.14497645207207932,0.20624169907629186,stop,-0.030847933850717046,0.029847933850717146,-1.0335031565334254
2022-02-12T18:00:00+00:00,2022-02-12T18:30:00+00:00,2022-02-12T21:30:00+00:00,2022,weak,low,weak_low,-0.33132319605110583,0.19989739719241187,0.10296598195635587,0.20324704922977638,stop,-0.01627149941617556,0.015271499416175616,-1.0654814548819445
2022-02-21T01:00:00+00:00,2022-02-21T01:30:00+00:00,2022-02-21T10:30:00+00:00,2022,weak,low,weak_low,-0.3133196395308213,0.19000486849947232,0.08265182920755632,0.20288334451396917,stop,-0.01585678808863744,0.014856788088637496,-1.0673092995628541
2022-02-22T14:30:00+00:00,2022-02-22T15:00:00+00:00,2022-02-22T17:00:00+00:00,2022,weak,low,weak_low,-0.3211235602914675,0.19341472728713321,0.07895665858241419,0.20279007207047067,stop,-0.02417657989405982,0.023116959894059753,-1.0458373421442995
2022-02-24T16:00:00+00:00,2022-02-24T16:30:00+00:00,2022-02-24T18:30:00+00:00,2022,weak,low,weak_low,-0.3360812798823096,0.18824390200769164,0.074975536314704,0.20266930278462505,take,0.03097699920775343,0.02398274940581512,1.2916366961763945
2022-02-24T19:00:00+00:00,2022-02-24T19:30:00+00:00,2022-02-24T20:00:00+00:00,2022,weak,low,weak_low,-0.32627593620139494,0.1885827011785912,0.07472895424553916,0.2026661889847322,take,0.03164197998547824,0.02448148498910882,1.2924861379754922
2022-03-08T14:00:00+00:00,2022-03-08T14:30:00+00:00,2022-03-08T15:30:00+00:00,2022,weak,low,weak_low,-0.23015532967169516,0.20098290135675487,0.050524630943885485,0.20218234496251863,stop,-0.017476494673794085,0.016476494673794136,-1.0606925210609541
2022-03-15T23:00:00+00:00,2022-03-15T23:30:00+00:00,2022-03-16T02:00:00+00:00,2022,weak,low,weak_low,-0.19440388038272804,0.1989078958901013,0.022703837547521033,0.20214233917083374,take,0.01418544193886817,0.011389081454151025,1.2455299398792117
2022-04-01T13:00:00+00:00,2022-04-01T13:30:00+00:00,2022-04-01T14:00:00+00:00,2022,weak,low,weak_low,-0.034650743485212354,0.16722652724810658,-0.010934925469701207,0.2020989404787257,take,0.01406364350051248,0.011297732625384275,1.2448199976793242
2022-04-01T14:30:00+00:00,2022-04-01T15:00:00+00:00,2022-04-01T17:30:00+00:00,2022,weak,low,weak_low,-0.0173206961534198,0.16564028087827273,-0.011141059537851494,0.2020933743157744,take,0.013640238833780072,0.010980179125335096,1.2422601378430422
2022-04-12T12:30:00+00:00,2022-04-12T13:00:00+00:00,2022-04-12T14:00:00+00:00,2022,weak,low,weak_low,-0.061455169962680634,0.15093802104794476,-0.006521809017337898,0.20162146588591295,stop,-0.013451019509309381,0.012451019509309326,-1.080314708305804
2022-04-12T15:00:00+00:00,2022-04-12T15:30:00+00:00,2022-04-12T18:00:00+00:00,2022,weak,low,weak_low,-0.07942448153377779,0.15164014159794445,-0.00654112555565145,0.2016191886881141,stop,-0.01351558904890815,0.012515589048908224,-1.079900354357445
2022-04-27T13:30:00+00:00,2022-04-27T14:00:00+00:00,2022-04-27T14:00:00+00:00,2022,strong,low,strong_low,0.06822568445213384,0.13593559542050324,-0.00786090235408099,0.20074747969907764,stop,-0.014292748228293517,0.013292748228293566,-1.075228988229195
2022-05-10T05:00:00+00:00,2022-05-10T05:30:00+00:00,2022-05-10T12:30:00+00:00,2022,weak,low,weak_low,-0.2758937178547308,0.15635970436200722,-0.005494037006252894,0.2002037358853509,take,0.03433342071031864,0.02650006553273886,1.2955975775947517
2022-05-10T13:00:00+00:00,2022-05-10T13:30:00+00:00,2022-05-10T14:30:00+00:00,2022,weak,low,weak_low,-0.2726962518348456,0.16039913593697575,-0.0056029356150053,0.20019775906751192,stop,-0.02751626808706431,0.02651626808706437,-1.0377126976057305
2022-05-10T15:30:00+00:00,2022-05-10T16:00:00+00:00,2022-05-10T21:00:00+00:00,2022,weak,low,weak_low,-0.28596103948519636,0.1618739284634297,-0.005672043083849387,0.20019550513948797,stop,-0.02880127599744209,0.02780127599744205,-1.0359695720474142
2022-05-12T16:30:00+00:00,2022-05-12T17:00:00+00:00,2022-05-12T18:30:00+00:00,2022,weak,high,weak_high,-0.31846796461087046,0.21541595416736847,-0.007227263249086957,0.20017971266574316,stop,-0.052295946666798376,0.051295946666798375,-1.019494717711239
2022-06-07T18:00:00+00:00,2022-06-07T18:30:00+00:00,2022-06-07T19:30:00+00:00,2022,weak,high,weak_high,-0.2830562510987471,0.23734539782974157,-0.03814591502843656,0.20145080414629968,take,0.016638967647723768,0.013229225735792834,1.2577431196676596
2022-06-12T14:30:00+00:00,2022-06-12T15:00:00+00:00,2022-06-12T19:00:00+00:00,2022,weak,low,weak_low,-0.28905654586839213,0.17030431542258098,-0.04719852609910735,0.2015083869114833,stop,-0.02248591467655925,0.02148591467655924,-1.0465421191070348
2022-06-14T06:30:00+00:00,2022-06-14T07:00:00+00:00,2022-06-14T11:00:00+00:00,2022,weak,high,weak_high,-0.4281807128719879,0.2017319194447887,-0.04993254136991909,0.20140301244408212,stop,-0.051544139105058284,0.05054413910505837,-1.0197846875563825
2022-06-14T13:00:00+00:00,2022-06-14T13:30:00+00:00,2022-06-14T21:00:00+00:00,2022,weak,high,weak_high,-0.4423870248854772,0.20461715064283587,-0.050241231983839785,0.20142612507215418,stop,-0.04591065893369872,0.04491065893369874,-1.0222664290336125
2022-06-14T23:30:00+00:00,2022-06-15T00:00:00+00:00,2022-06-15T04:00:00+00:00,2022,weak,high,weak_high,-0.4618107420364036,0.2076039361807859,-0.05103909400602158,0.20145653280756962,stop,-0.04192364871557213,0.040977348715572036,-1.0230932461387012
2022-06-15T18:30:00+00:00,2022-06-15T19:00:00+00:00,2022-06-15T21:30:00+00:00,2022,weak,high,weak_high,-0.4722250822461157,0.2176855070878365,-0.05230361728370092,0.20150565659248312,take,0.06055622327121857,0.04616716745341402,1.3116729184722917
2022-06-18T23:00:00+00:00,2022-06-18T23:30:00+00:00,2022-06-19T01:30:00+00:00,2022,weak,high,weak_high,-0.5366350840707858,0.2420951026845603,-0.05773390822240626,0.20164103927557725,stop,-0.031148171706708805,0.030148171706708776,-1.0331695072500036
2022-06-19T09:00:00+00:00,2022-06-19T09:30:00+00:00,2022-06-19T10:00:00+00:00,2022,weak,high,weak_high,-0.5407620176081815,0.24618404457320095,-0.058374817708949645,0.20165335681093988,take,0.04203087036532416,0.032273152773993015,1.30234782637023
2022-06-23T13:30:00+00:00,2022-06-23T14:00:00+00:00,2022-06-23T17:00:00+00:00,2022,weak,high,weak_high,-0.5452046813535276,0.26600868418648543,-0.06423190996627792,0.20181178334428537,stop,-0.02033280885991362,0.019332808859913685,-1.0517255411381747
2022-06-28T08:30:00+00:00,2022-06-28T09:00:00+00:00,2022-06-28T14:30:00+00:00,2022,weak,high,weak_high,-0.5551095359873841,0.2658976440721705,-0.07265079471643254,0.20204704558698947,stop,-0.015470328947905787,0.014470328947905675,-1.0691069293310602
2022-07-01T05:00:00+00:00,2022-07-01T05:30:00+00:00,2022-07-01T20:00:00+00:00,2022,weak,high,weak_high,-0.582099714757028,0.27390142377896287,-0.08020407997661178,0.20218742447033058,take,0.032215735976594106,0.024911801982445532,1.2931917168936795
2022-07-06T20:00:00+00:00,2022-07-06T20:30:00+00:00,2022-07-06T22:00:00+00:00,2022,weak,high,weak_high,-0.5329644403422235,0.27838192769823467,-0.09599178953094012,0.2024441602784502,take,0.0227684451457405,0.01782633385930536,1.2772365493343072
2022-07-13T14:30:00+00:00,2022-07-13T15:00:00+00:00,2022-07-13T17:00:00+00:00,2022,weak,high,weak_high,-0.5159482609319563,0.27314105677110495,-0.11190446967966294,0.20273468866029426,take,0.022199664733882574,0.017399748550411865,1.2758612384290513
2022-07-19T08:30:00+00:00,2022-07-19T09:00:00+00:00,2022-07-19T16:30:00+00:00,2022,weak,high,weak_high,-0.4711918221012683,0.22188590001941358,-0.12199450739066253,0.20298189174231668,take,0.03282358690977338,0.025367690182330024,1.2939131104903197
2022-07-21T16:00:00+00:00,2022-07-21T16:30:00+00:00,2022-07-21T17:30:00+00:00,2022,weak,high,weak_high,-0.4154347732394973,0.21003532070151273,-0.12444305491977065,0.2030439490881031,stop,-0.022355099104859333,0.02135509910485932,-1.0468272235633158
2022-07-21T18:00:00+00:00,2022-07-21T18:30:00+00:00,2022-07-21T20:00:00+00:00,2022,weak,high,weak_high,-0.4182218904411503,0.20993562706552402,-0.12460666517018765,0.20304857611155547,take,0.027146638476521656,0.021109978857391146,1.2859623716305582
2022-07-21T21:30:00+00:00,2022-07-21T22:00:00+00:00,2022-07-22T03:00:00+00:00,2022,weak,high,weak_high,-0.4140073161612384,0.2095483677814844,-0.12467904151145026,0.20305936739012082,stop,-0.01954722269407161,0.018547222694071667,-1.0539164281625613
2022-07-24T01:00:00+00:00,2022-07-24T01:30:00+00:00,2022-07-24T05:00:00+00:00,2022,weak,high,weak_high,-0.4213980981752763,0.20519444317922622,-0.1269696315495769,0.20316113332017433,take,0.019661194520594782,0.015495895890446044,1.268800117114677
2022-08-02T15:30:00+00:00,2022-08-02T16:00:00+00:00,2022-08-02T16:00:00+00:00,2022,weak,low,weak_low,-0.41073930560188865,0.20077357126619014,-0.13825628063858075,0.20332350948976366,take,0.021073193441710436,0.016554895081282855,1.2729282389434178
2022-08-02T23:00:00+00:00,2022-08-02T23:30:00+00:00,2022-08-03T00:00:00+00:00,2022,weak,low,weak_low,-0.4190722846555397,0.20122436995833318,-0.13884055503260556,0.20329946218957762,stop,-0.018786943696137093,0.01778694369613712,-1.0562210134064318
2022-08-05T01:30:00+00:00,2022-08-05T02:00:00+00:00,2022-08-05T06:00:00+00:00,2022,weak,low,weak_low,-0.3644375295196288,0.19704292093563677,-0.1420231711326131,0.20322263607274446,take,0.01699977525905949,0.013499831444294619,1.259258334387874
2022-08-31T07:00:00+00:00,2022-08-31T07:30:00+00:00,2022-08-31T08:00:00+00:00,2022,weak,low,weak_low,-0.3253477074599055,0.1436447539802246,-0.18433505077698115,0.20212065302496346,stop,-0.019602408690176376,0.01860240869017633,-1.0537564794245238
2022-08-31T10:00:00+00:00,2022-08-31T10:30:00+00:00,2022-08-31T15:00:00+00:00,2022,weak,low,weak_low,-0.3217985674061491,0.143564254204092,-0.18437537952355493,0.20211654533119322,stop,-0.020778606068653338,0.019778606068653313,-1.0505596803196815
2022-09-01T20:00:00+00:00,2022-09-01T20:30:00+00:00,2022-09-02T04:00:00+00:00,2022,weak,low,weak_low,-0.3244498174781937,0.142376184358509,-0.18533339046088954,0.20204969492971306,take,0.020717455420993347,0.016288091565745053,1.2719387865281617
2022-09-19T14:00:00+00:00,2022-09-19T14:30:00+00:00,2022-09-19T17:00:00+00:00,2022,strong,low,strong_low,-0.10462445483879967,0.15847393676132254,-0.1858016964681613,0.20119451297553398,stop,-0.01987349379864345,0.018873493798643514,-1.0529843605359284
2022-09-19T18:30:00+00:00,2022-09-19T19:00:00+00:00,2022-09-19T21:00:00+00:00,2022,strong,low,strong_low,-0.09232300727643328,0.1592951213506923,-0.18570050548604033,0.2011913533130192,take,0.023348990308649786,0.018261742731487354,1.2785740469550517
2022-09-22T18:30:00+00:00,2022-09-22T19:00:00+00:00,2022-09-22T19:30:00+00:00,2022,strong,low,strong_low,-0.09145325049249886,0.176135497907114,-0.18314034243744448,0.20102546272356914,take,0.02303113872398821,0.018023354042991113,1.2778497647581037
2022-09-23T22:00:00+00:00,2022-09-23T22:30:00+00:00,2022-09-24T22:30:00+00:00,2022,strong,low,strong_low,-0.10556208930704902,0.17849705670399907,-0.18206993082906847,0.20097519299276745,stop,-0.01908622506574764,0.018152465065747594,-1.0514398455867011
2022-09-28T15:00:00+00:00,2022-09-28T15:30:00+00:00,2022-09-28T20:00:00+00:00,2022,strong,low,strong_low,0.011685421368372362,0.18355072261335956,-0.1773464300041337,0.20079415917751603,take,0.02001112661571353,0.015701547461785266,1.2744684346824415
2022-11-07T19:30:00+00:00,2022-11-07T20:00:00+00:00,2022-11-07T21:30:00+00:00,2022,strong,low,strong_low,-0.09596803234945739,0.1068531227316239,-0.13471765893504772,0.1995655506163063,stop,-0.011687386711669578,0.010687386711669503,-1.0935682432926452
2022-11-08T16:00:00+00:00,2022-11-08T16:30:00+00:00,2022-11-08T16:30:00+00:00,2022,weak,low,weak_low,-0.16086344595551194,0.11702380625932525,-0.13485836347552882,0.1995514636895377,take,0.023972083722862636,0.01872906279214708,1.2799403786992432
2022-11-10T07:30:00+00:00,2022-11-10T08:00:00+00:00,2022-11-10T13:30:00+00:00,2022,weak,low,weak_low,-0.301041370901742,0.1619643762334923,-0.13626284989603854,0.19950906407735214,take,0.05703003937228528,0.043115279529213964,1.3227338427353341
2022-11-11T22:00:00+00:00,2022-11-11T22:30:00+00:00,2022-11-12T05:00:00+00:00,2022,weak,low,weak_low,-0.30977145427041175,0.19696518551616587,-0.13770962839792372,0.19946977416346426,stop,-0.030895134326721974,0.029895134326722066,-1.0334502594660044
2022-11-15T13:00:00+00:00,2022-11-15T13:30:00+00:00,2022-11-15T18:00:00+00:00,2022,weak,high,weak_high,-0.28362121167209386,0.2044516174136152,-0.1411889848647166,0.19939936195535196,stop,-0.01624809460202714,0.015248094602027208,-1.0655819645732645
2023-02-17T17:00:00+00:00,2023-02-17T17:30:00+00:00,2023-02-17T20:00:00+00:00,2023,strong,low,strong_low,0.46709671207817816,0.13425969981632452,-0.12947460042889064,0.19653911191234288,take,0.013389925505080336,0.010792444128810195,1.2406759159712692
2023-03-10T23:00:00+00:00,2023-03-10T23:30:00+00:00,2023-03-11T01:30:00+00:00,2023,strong,low,strong_low,0.176200798097653,0.13531738011294703,-0.1221071590869715,0.19477484622856361,take,0.018290355872800146,0.014467766904600127,1.2642141661118829
2023-03-23T14:30:00+00:00,2023-03-23T15:00:00+00:00,2023-03-23T15:00:00+00:00,2023,strong,low,strong_low,0.6711518979798581,0.1782976501844639,-0.11709173843766585,0.19425488371705477,take,0.014152439080727386,0.011364329310545542,1.2453386991869915
2023-04-27T15:00:00+00:00,2023-04-27T15:30:00+00:00,2023-04-28T15:30:00+00:00,2023,strong,low,strong_low,0.26819460152793484,0.13778903074260726,-0.10166988897672419,0.19100997511164952,time,-0.009026129627779045,0.015440174828668947,-0.5845872684692367
2023-07-01T03:00:00+00:00,2023-07-01T03:30:00+00:00,2023-07-02T03:30:00+00:00,2023,strong,low,strong_low,0.06720620764720331,0.12038661741496742,-0.05829819714328516,0.1857979105373455,time,-0.004113862964873515,0.01103447894032006,-0.3728189601995099
2023-11-22T09:00:00+00:00,2023-11-22T09:30:00+00:00,2023-11-22T13:30:00+00:00,2023,strong,low,strong_low,0.37982182392455854,0.13172970584740754,-0.021370391162633062,0.17652609977155964,take,0.014005345024222904,0.011254008768167264,1.244476107379442
2023-11-22T14:00:00+00:00,2023-11-22T14:30:00+00:00,2023-11-22T18:00:00+00:00,2023,strong,low,strong_low,0.39471865538004525,0.13189977527343244,-0.02133739060796558,0.17651440192006757,take,0.014710999041757645,0.011858249281318222,1.2405709049255453
2023-12-07T18:30:00+00:00,2023-12-07T19:00:00+00:00,2023-12-07T21:00:00+00:00,2023,strong,low,strong_low,0.6803139773436804,0.11751335283820769,-0.014199417078568533,0.17540411965832506,take,0.010474183843471319,0.008605637882603438,1.2171304424330014
2023-12-07T21:30:00+00:00,2023-12-07T22:00:00+00:00,2023-12-07T23:00:00+00:00,2023,strong,low,strong_low,0.6769661184617284,0.11732497993103215,-0.014129624754835701,0.17539187848771048,stop,-0.009934296392850706,0.008934296392850666,-1.1119282320653983
2023-12-07T23:30:00+00:00,2023-12-08T00:00:00+00:00,2023-12-08T02:30:00+00:00,2023,strong,low,strong_low,0.67167314033313,0.11732392076450952,-0.01412435208748597,0.17537955226819874,take,0.0104635305332937,0.008767845399970298,1.1933981560999178
2023-12-08T03:00:00+00:00,2023-12-08T03:30:00+00:00,2023-12-08T08:00:00+00:00,2023,strong,low,strong_low,0.6805693581380239,0.1173233298563685,-0.01407800120635827,0.17535043479091653,stop,-0.010365240768492247,0.009241250768492238,-1.1216274753448114
2024-01-09T21:30:00+00:00,2024-01-09T22:00:00+00:00,2024-01-09T22:00:00+00:00,2024,strong,low,strong_low,0.7008850551054393,0.1349106954777089,-0.0034371783771420805,0.17338003015804013,take,0.014783051617672016,0.011837288713253985,1.248854528750297
2024-01-09T22:30:00+00:00,2024-01-09T23:00:00+00:00,2024-01-10T00:00:00+00:00,2024,strong,low,strong_low,0.7272547335399782,0.13544052373007553,-0.0034348736006378777,0.17337794728626177,take,0.015943011441621347,0.012782258581216127,1.2472765544776283
2024-01-10T00:30:00+00:00,2024-01-10T01:00:00+00:00,2024-01-10T01:30:00+00:00,2024,strong,low,strong_low,0.7117227737553184,0.1354327209876921,-0.003377151821127522,0.1733605960493209,stop,-0.01393853434300063,0.01293853434300073,-1.0772885068346914
2024-01-10T02:00:00+00:00,2024-01-10T02:30:00+00:00,2024-01-10T09:00:00+00:00,2024,strong,low,strong_low,0.7202678441457615,0.1333478319036719,-0.003357256473035475,0.17335075579967701,take,0.016708674546222036,0.013356505909666505,1.2509764648948694
2024-01-10T09:30:00+00:00,2024-01-10T10:00:00+00:00,2024-01-10T11:30:00+00:00,2024,strong,low,strong_low,0.708316967241631,0.1332388846336061,-0.0033006375674349275,0.17332212108635645,stop,-0.01554720284043365,0.014547202840433699,-1.0687417375676145
2024-01-10T12:00:00+00:00,2024-01-10T12:30:00+00:00,2024-01-10T12:30:00+00:00,2024,strong,low,strong_low,0.687977917863404,0.13339786684312155,-0.003285089539286412,0.17331886414566883,stop,-0.016979472125362327,0.01597947212536232,-1.0625802900217727
2024-01-10T13:00:00+00:00,2024-01-10T13:30:00+00:00,2024-01-10T15:00:00+00:00,2024,strong,low,strong_low,0.6927459299826173,0.13465711276028897,-0.0032776291507615185,0.17331602029268128,take,0.019972521833832357,0.01572939137537434,1.2697580826363686
2024-01-10T15:30:00+00:00,2024-01-10T16:00:00+00:00,2024-01-10T16:30:00+00:00,2024,strong,low,strong_low,0.7089186736369977,0.13547787738531436,-0.00324556275933785,0.1733108385320502,stop,-0.0172213627699478,0.016121362769947842,-1.068232445091459
2024-01-10T17:00:00+00:00,2024-01-10T17:30:00+00:00,2024-01-10T19:00:00+00:00,2024,strong,low,strong_low,0.715877678279282,0.13566075082656492,-0.0032371390181951676,0.17330611222341386,take,0.021564995770669504,0.01692374682800214,1.2742447632806657
2024-01-10T20:00:00+00:00,2024-01-10T20:30:00+00:00,2024-01-10T21:00:00+00:00,2024,strong,low,strong_low,0.7127131997649514,0.13603792582038982,-0.0032196239839982765,0.17329413341384203,take,0.02383092161999667,0.01862319121499749,1.279636843378665
2024-01-12T11:00:00+00:00,2024-01-12T11:30:00+00:00,2024-01-12T14:30:00+00:00,2024,strong,low,strong_low,0.7214611532088397,0.14150044373558998,-0.002874441164715247,0.17321819952105888,take,0.01716307166209463,0.013622303746570953,1.2599243109973208
2024-01-12T15:00:00+00:00,2024-01-12T15:30:00+00:00,2024-01-12T15:30:00+00:00,2024,strong,low,strong_low,0.6723143877399196,0.1420165904091787,-0.0028481887600127487,0.1732135979764602,stop,-0.015086141549784604,0.014086141549784638,-1.0709917614036226
2024-01-12T16:00:00+00:00,2024-01-12T16:30:00+00:00,2024-01-12T16:30:00+00:00,2024,strong,low,strong_low,0.6415191134539531,0.1425138464583718,-0.0028408677967912688,0.1732124670886217,stop,-0.014852440963693425,0.0138524409636935,-1.0721894431906167
2024-01-13T18:00:00+00:00,2024-01-13T18:30:00+00:00,2024-01-14T09:30:00+00:00,2024,strong,low,strong_low,0.5885327461055379,0.14732574590488234,-0.002606296006111508,0.17316386342163814,stop,-0.012552838252114416,0.011352838252114424,-1.1057004401323605
2024-03-01T14:00:00+00:00,2024-03-01T14:30:00+00:00,2024-03-01T14:30:00+00:00,2024,strong,low,strong_low,0.6083733685230623,0.133336201818477,0.0097373744749637,0.17088144316272297,stop,-0.013157143167877527,0.01215714316787749,-1.0822561671102395
2024-03-06T04:30:00+00:00,2024-03-06T05:00:00+00:00,2024-03-06T05:30:00+00:00,2024,strong,low,strong_low,0.4699271540042562,0.15674005618227063,0.011302483635798222,0.1704792251688608,take,0.03194912120772464,0.02471184090579341,1.292866902531512
2024-03-06T06:00:00+00:00,2024-03-06T06:30:00+00:00,2024-03-06T11:00:00+00:00,2024,strong,low,strong_low,0.5000716474128462,0.15820925368213698,0.011342338237828153,0.17047810956417367,take,0.03154810379347428,0.02441107784510568,1.292368325301111
2024-03-06T12:30:00+00:00,2024-03-06T13:00:00+00:00,2024-03-07T13:00:00+00:00,2024,strong,low,strong_low,0.519572585027122,0.16050257088174155,0.011414809213005306,0.1704378742787767,time,-0.011592417984079683,0.026840444141482584,-0.43190112365403477
2024-03-16T00:00:00+00:00,2024-03-16T00:30:00+00:00,2024-03-16T11:00:00+00:00,2024,strong,high,strong_high,0.6556070409269259,0.18320766136886144,0.014966474758351334,0.17022329532484456,stop,-0.022051418370208332,0.02077651837020829,-1.0613625429094096
2024-03-20T17:00:00+00:00,2024-03-20T17:30:00+00:00,2024-03-20T20:00:00+00:00,2024,strong,high,strong_high,0.470736092763834,0.20315786875062658,0.017134593009134336,0.1706028109624269,take,0.03094087196397932,0.023955653972984485,1.2915895345154125
2024-04-05T19:00:00+00:00,2024-04-05T19:30:00+00:00,2024-04-06T19:30:00+00:00,2024,strong,high,strong_high,0.5460273691646822,0.18856206398072844,0.024892029507920577,0.1715113129749654,time,0.0036294857634224294,0.012624076595693616,0.2875050492533083
2024-04-14T06:00:00+00:00,2024-04-14T06:30:00+00:00,2024-04-14T11:30:00+00:00,2024,strong,high,strong_high,0.514247760865338,0.1858749466047015,0.028818479646266715,0.17195743566101035,stop,-0.024711740982491414,0.02361174098249137,-1.0465869924973223
2024-04-14T15:00:00+00:00,2024-04-14T15:30:00+00:00,2024-04-14T17:00:00+00:00,2024,strong,high,strong_high,0.515686907660434,0.18411617429791985,0.02898398600475438,0.17197774839028881,stop,-0.027072984226511287,0.025972984226511196,-1.0423516986114094
2024-04-14T17:30:00+00:00,2024-04-14T18:00:00+00:00,2024-04-14T22:00:00+00:00,2024,strong,high,strong_high,0.495157407667594,0.18568330116200923,0.029013148798740618,0.1719821113750212,take,0.035051311975015875,0.027038483981262008,1.2963490112576894
2024-04-27T18:00:00+00:00,2024-04-27T18:30:00+00:00,2024-04-28T02:30:00+00:00,2024,strong,low,strong_low,0.5019003252594332,0.17069133564865396,0.039323118155193515,0.1724478577978349,take,0.010177039898723546,0.008452694924042735,1.2039994333376574
2024-05-01T18:00:00+00:00,2024-05-01T18:30:00+00:00,2024-05-01T19:30:00+00:00,2024,strong,high,strong_high,0.3509133744870352,0.1772298742391731,0.042267286021368755,0.1724080603071537,stop,-0.01631035599360464,0.015310355993604644,-1.0653152676801056
2024-05-01T21:00:00+00:00,2024-05-01T21:30:00+00:00,2024-05-02T01:30:00+00:00,2024,strong,high,strong_high,0.34910819734512666,0.17995560614560885,0.042364909314184795,0.17242148127364337,stop,-0.016453907150473446,0.01545476715047342,-1.0646493078978172
2024-05-21T23:00:00+00:00,2024-05-21T23:30:00+00:00,2024-05-22T04:30:00+00:00,2024,strong,low,strong_low,0.3610996079463433,0.13831114376177472,0.05568320608140842,0.17258338904973713,stop,-0.015953862706955573,0.014829342706955548,-1.0758307378972758
2024-05-23T21:30:00+00:00,2024-05-23T22:00:00+00:00,2024-05-23T23:30:00+00:00,2024,strong,low,strong_low,0.33352481032015224,0.13990541895455263,0.05704398869483285,0.17250590614825587,stop,-0.020985608787938648,0.0199856087879387,-1.0500360039371655
2024-06-14T21:30:00+00:00,2024-06-14T22:00:00+00:00,2024-06-14T22:00:00+00:00,2024,weak,low,weak_low,-0.001570514754692054,0.1103250424954724,0.057192446578794076,0.17149650264249885,stop,-0.009691290279300269,0.008691290279300257,-1.115057715007135
2024-06-15T05:30:00+00:00,2024-06-15T06:00:00+00:00,2024-06-15T13:30:00+00:00,2024,weak,low,weak_low,-0.0008946338563848855,0.11030864947361167,0.05692594440560339,0.17147858257401083,take,0.010802196208765536,0.008926647156574177,1.21010677573495
2024-06-15T14:30:00+00:00,2024-06-15T15:00:00+00:00,2024-06-16T14:00:00+00:00,2024,weak,low,weak_low,-0.021283734845371938,0.1096004018356824,0.05668974700399465,0.1714668110255019,take,0.010745272163344845,0.00895895412250866,1.1993891269459906
2024-07-05T18:30:00+00:00,2024-07-05T19:00:00+00:00,2024-07-06T19:00:00+00:00,2024,weak,low,weak_low,-0.17238577045003622,0.11814943673498929,0.045555442259575196,0.1705862439970043,time,0.0185791969247891,0.0203388318637904,0.913483972394009
2024-07-08T08:00:00+00:00,2024-07-08T08:30:00+00:00,2024-07-08T08:30:00+00:00,2024,weak,low,weak_low,-0.19226493667891376,0.12294598599059677,0.043959831092733936,0.17041322640758896,take,0.014855735467007025,0.011891801600255285,1.2492417857600409
2024-07-08T10:30:00+00:00,2024-07-08T11:00:00+00:00,2024-07-08T14:00:00+00:00,2024,weak,low,weak_low,-0.19566224044884317,0.12516370481264574,0.043924745644709606,0.1704074704828797,stop,-0.01449329753374462,0.013493297533744633,-1.0741108685626433
2024-07-08T19:30:00+00:00,2024-07-08T20:00:00+00:00,2024-07-09T01:00:00+00:00,2024,weak,low,weak_low,-0.18229478187450476,0.1297485844924085,0.04360584541346313,0.17039015624422754,take,0.022563846548503092,0.01771549241137727,1.2736787679698989
2024-08-05T15:30:00+00:00,2024-08-05T16:00:00+00:00,2024-08-06T16:00:00+00:00,2024,weak,high,weak_high,-0.1478606184272484,0.17932072110090924,0.037386102258917475,0.16865241054984317,time,0.025637984851692122,0.04473072242911274,0.5731627717911791
2024-08-12T10:00:00+00:00,2024-08-12T10:30:00+00:00,2024-08-12T11:00:00+00:00,2024,weak,high,weak_high,-0.04915364530508848,0.1897174946087535,0.03291736921073651,0.1692687561208238,take,0.01828645652706895,0.014464842395301773,1.2642001915629892
2024-08-12T11:30:00+00:00,2024-08-12T12:00:00+00:00,2024-08-12T13:30:00+00:00,2024,weak,high,weak_high,-0.03174669986498346,0.1900723832452865,0.032869147574397184,0.16926980499121871,stop,-0.015555408055203168,0.014555408055203178,-1.0687029862857411
2024-08-12T14:00:00+00:00,2024-08-12T14:30:00+00:00,2024-08-12T18:30:00+00:00,2024,weak,high,weak_high,-0.038797972951163606,0.1930135117004772,0.03280362885213195,0.1692726772909392,stop,-0.017535478648189336,0.016471238648189328,-1.0646120199416211
2024-08-28T18:00:00+00:00,2024-08-28T18:30:00+00:00,2024-08-29T12:30:00+00:00,2024,weak,high,weak_high,-0.14922424162010783,0.19890022855936093,0.02585373528817647,0.17012613954708877,take,0.021179274833615258,0.016643156125211372,1.2725515926352746
2024-09-07T12:30:00+00:00,2024-09-07T13:00:00+00:00,2024-09-07T21:00:00+00:00,2024,weak,low,weak_low,-0.21783129489336006,0.15298336138789947,0.022436992695213043,0.17033256889378542,stop,-0.01443347728907748,0.013406957289077375,-1.0765662169175707
2024-11-23T17:00:00+00:00,2024-11-23T17:30:00+00:00,2024-11-23T20:00:00+00:00,2024,strong,low,strong_low,0.5301708384484907,0.15408387365426304,0.028587563858767706,0.1643133523277998,stop,-0.01308109592473572,0.01208109592473563,-1.0827739475151938
2024-11-25T20:30:00+00:00,2024-11-25T21:00:00+00:00,2024-11-25T21:30:00+00:00,2024,strong,low,strong_low,0.5365458846967999,0.15482655729361788,0.02930295302209518,0.16402876975128708,stop,-0.01552933866729056,0.014529338667290614,-1.0688262571958083
2024-11-27T04:00:00+00:00,2024-11-27T04:30:00+00:00,2024-11-27T10:30:00+00:00,2024,strong,low,strong_low,0.5729802354173885,0.16065951042932503,0.029709206731592497,0.1638947727647042,take,0.01723892988359875,0.013835909912699066,1.245955632291034
2024-12-06T03:30:00+00:00,2024-12-06T04:00:00+00:00,2024-12-06T10:00:00+00:00,2024,strong,high,strong_high,0.8182590557212228,0.16989580485073008,0.0332953653393262,0.1630722026691151,stop,-0.016236070515086336,0.014980670515086336,-1.083801322426506
2024-12-06T14:00:00+00:00,2024-12-06T14:30:00+00:00,2024-12-06T15:00:00+00:00,2024,strong,high,strong_high,0.8189824770934615,0.16933169187831493,0.03358833852750032,0.1631359703676898,take,0.018905590736138955,0.014929193052104123,1.2663504765566949
2024-12-06T15:30:00+00:00,2024-12-06T16:00:00+00:00,2024-12-06T19:30:00+00:00,2024,strong,high,strong_high,0.814879828153712,0.16902939202843364,0.03361899209029606,0.1631406096503749,take,0.018873614673860034,0.01510283600539501,1.2496735492008277
2024-12-20T17:00:00+00:00,2024-12-20T17:30:00+00:00,2024-12-21T07:00:00+00:00,2024,strong,low,strong_low,0.5368806858053217,0.16041640830907375,0.039387522621127435,0.1631435640029359,take,0.03447082576258008,0.026650759321934996,1.2934275285060546
2024-12-23T03:00:00+00:00,2024-12-23T03:30:00+00:00,2024-12-23T05:00:00+00:00,2024,strong,low,strong_low,0.5155112138720985,0.16037711168490185,0.04018843334904043,0.16296459453061013,stop,-0.015377207754560418,0.014377207754560433,-1.069554535002305
2024-12-23T10:00:00+00:00,2024-12-23T10:30:00+00:00,2024-12-23T14:30:00+00:00,2024,strong,low,strong_low,0.5099808160937418,0.16081319009746825,0.040307690622729986,0.16294678969309845,stop,-0.015527079575604619,0.014527079575604729,-1.0688369602985577
2024-12-23T16:30:00+00:00,2024-12-23T17:00:00+00:00,2024-12-23T18:30:00+00:00,2024,strong,low,strong_low,0.48581947807328985,0.16205127687481835,0.040408941473595084,0.16287844859431494,stop,-0.016005721264725548,0.015005721264725571,-1.0666412485183707
2024-12-23T19:00:00+00:00,2024-12-23T19:30:00+00:00,2024-12-23T20:30:00+00:00,2024,strong,low,strong_low,0.463870556207713,0.1623455640401761,0.04042949679145946,0.1628584091081589,take,0.01975425550780152,0.015565691630851239,1.2690894806529855
2024-12-23T21:00:00+00:00,2024-12-23T21:30:00+00:00,2024-12-24T00:00:00+00:00,2024,strong,low,strong_low,0.4675568081623356,0.1625749427111166,0.04044881033487502,0.16282793097970688,stop,-0.016253123170809524,0.015153123170809435,-1.072592295832393
2024-12-24T03:00:00+00:00,2024-12-24T03:30:00+00:00,2024-12-24T14:00:00+00:00,2024,strong,high,strong_high,0.46516108949416357,0.16297858024598658,0.04057185419111109,0.1628697706146665,take,0.017948431645774917,0.014272231234331207,1.257577133601982
