scheme,cost_scenario,window,calibration_start,calibration_stop,oos_start,oos_stop,threshold,rv_median,trades,expectancy_r,total_r,profit_factor_r,max_drawdown_r,compounded_return
anchored_12m_3m,round_trip_0_05pct,1,2021-01-01T00:00:00+00:00,2021-12-31T23:00:00+00:00,2022-01-01T00:00:00+00:00,2022-03-31T23:00:00+00:00,0.01940523603707689,0.04322712021612439,2,0.14851771419109816,0.2970354283821963,1.2905670160346416,-1.0222613441671007,0.02295552937575196
anchored_12m_3m,round_trip_0_05pct,2,2021-01-01T00:00:00+00:00,2022-03-31T23:00:00+00:00,2022-04-01T00:00:00+00:00,2022-06-30T23:00:00+00:00,0.018199021423260353,0.0418686457834596,9,-0.2394650733183421,-2.155185659865079,0.6451134152466418,-3.7412751865122873,-0.20869267527158186
anchored_12m_3m,round_trip_0_05pct,3,2021-01-01T00:00:00+00:00,2022-06-30T23:00:00+00:00,2022-07-01T00:00:00+00:00,2022-09-30T23:00:00+00:00,0.0167624136641491,0.04083439712497367,6,0.36654256827590864,2.1992554096554517,2.2615113474694515,-1.2188537626180453,0.06666566839556021
anchored_12m_3m,round_trip_0_05pct,4,2021-01-01T00:00:00+00:00,2022-09-30T23:00:00+00:00,2022-10-01T00:00:00+00:00,2022-12-31T23:00:00+00:00,0.016727192022051307,0.04074835215937162,3,-0.23508586519868677,-0.7052575955960603,0.6525877440268927,-1.0172860898260552,0.004132203178202509
anchored_12m_3m,round_trip_0_05pct,5,2021-01-01T00:00:00+00:00,2022-12-31T23:00:00+00:00,2023-01-01T00:00:00+00:00,2023-03-31T23:00:00+00:00,0.015438276101015891,0.038793087499129984,1,1.3026386188805057,1.3026386188805057,,0.0,0.021219265956719635
anchored_12m_3m,round_trip_0_05pct,6,2021-01-01T00:00:00+00:00,2023-03-31T23:00:00+00:00,2023-04-01T00:00:00+00:00,2023-06-30T23:00:00+00:00,0.014555020027725796,0.03706247553479495,0,,0,,0.0,0.0
anchored_12m_3m,round_trip_0_05pct,7,2021-01-01T00:00:00+00:00,2023-06-30T23:00:00+00:00,2023-07-01T00:00:00+00:00,2023-09-30T23:00:00+00:00,0.013365522312688283,0.03517827499143888,1,-0.4660286866753261,-0.4660286866753261,0.0,-0.4660286866753261,-0.006634687319937105
anchored_12m_3m,round_trip_0_05pct,8,2021-01-01T00:00:00+00:00,2023-09-30T23:00:00+00:00,2023-10-01T00:00:00+00:00,2023-12-31T23:00:00+00:00,0.011898233028001304,0.03324456199029916,3,0.5098233900253526,1.5294701700760578,2.463008413522581,-1.0454281437749577,0.023756969191062627
anchored_12m_3m,round_trip_0_05pct,9,2021-01-01T00:00:00+00:00,2023-12-31T23:00:00+00:00,2024-01-01T00:00:00+00:00,2024-03-31T23:00:00+00:00,0.011221110225208664,0.03189387192757824,8,0.5480364517056026,4.3842916136448205,3.018324680807631,-1.1415110246333917,0.12538134877916352
anchored_12m_3m,round_trip_0_05pct,10,2021-01-01T00:00:00+00:00,2024-03-31T23:00:00+00:00,2024-04-01T00:00:00+00:00,2024-06-30T23:00:00+00:00,0.011206124239028004,0.031254544727291826,9,0.016349777373050565,0.1471479963574551,1.0358706459500269,-3.0827262160169036,-0.015774256299852407
anchored_12m_3m,round_trip_0_05pct,11,2021-01-01T00:00:00+00:00,2024-06-30T23:00:00+00:00,2024-07-01T00:00:00+00:00,2024-09-30T23:00:00+00:00,0.010889341083051063,0.03049836906673233,8,0.49073062605974294,3.9258450084779435,4.366858417266311,-1.0250859212388612,0.12835721389300803
anchored_12m_3m,round_trip_0_05pct,12,2021-01-01T00:00:00+00:00,2024-09-30T23:00:00+00:00,2024-10-01T00:00:00+00:00,2024-12-31T18:00:00+00:00,0.010785108183154035,0.030009810387528656,7,0.28687347901477206,2.0081143531034042,1.9707154380808434,-1.045807880148176,0.03760191510707722
anchored_12m_3m,round_trip_0_10pct,1,2021-01-01T00:00:00+00:00,2021-12-31T23:00:00+00:00,2022-01-01T00:00:00+00:00,2022-03-31T23:00:00+00:00,0.01940523603707689,0.04322712021612439,2,0.13036876171552625,0.2607375234310525,1.2496236092744664,-1.0445226883342034,0.021943762097513586
anchored_12m_3m,round_trip_0_10pct,2,2021-01-01T00:00:00+00:00,2022-03-31T23:00:00+00:00,2022-04-01T00:00:00+00:00,2022-06-30T23:00:00+00:00,0.018199021423260353,0.0418686457834596,9,-0.2560854426580797,-2.3047689839227172,0.6250294383767887,-3.816645480091711,-0.21234299105530663
anchored_12m_3m,round_trip_0_10pct,3,2021-01-01T00:00:00+00:00,2022-06-30T23:00:00+00:00,2022-07-01T00:00:00+00:00,2022-09-30T23:00:00+00:00,0.0167624136641491,0.04083439712497367,6,0.34732326217805176,2.0839395730683106,2.1547863341735596,-1.2619487844937831,0.06350276388970166
anchored_12m_3m,round_trip_0_10pct,4,2021-01-01T00:00:00+00:00,2022-09-30T23:00:00+00:00,2022-10-01T00:00:00+00:00,2022-12-31T23:00:00+00:00,0.016727192022051307,0.04074835215937162,3,-0.24794950817515105,-0.7438485245254531,0.6389192964201464,-1.0345721796521081,0.002626822220108016
anchored_12m_3m,round_trip_0_10pct,5,2021-01-01T00:00:00+00:00,2022-12-31T23:00:00+00:00,2023-01-01T00:00:00+00:00,2023-03-31T23:00:00+00:00,0.015438276101015891,0.038793087499129984,1,1.2719439044276715,1.2719439044276715,,0.0,0.020719265956719468
anchored_12m_3m,round_trip_0_10pct,6,2021-01-01T00:00:00+00:00,2023-03-31T23:00:00+00:00,2023-04-01T00:00:00+00:00,2023-06-30T23:00:00+00:00,0.014555020027725796,0.03706247553479495,0,,0,,0.0,0.0
anchored_12m_3m,round_trip_0_10pct,7,2021-01-01T00:00:00+00:00,2023-06-30T23:00:00+00:00,2023-07-01T00:00:00+00:00,2023-09-30T23:00:00+00:00,0.013365522312688283,0.03517827499143888,1,-0.5011493083566916,-0.5011493083566916,0.0,-0.5011493083566916,-0.00713468731993705
anchored_12m_3m,round_trip_0_10pct,8,2021-01-01T00:00:00+00:00,2023-09-30T23:00:00+00:00,2023-10-01T00:00:00+00:00,2023-12-31T23:00:00+00:00,0.011898233028001304,0.03324456199029916,3,0.47490907923752035,1.424727237712561,2.3169609995172116,-1.0818294833596864,0.022233868082754737
anchored_12m_3m,round_trip_0_10pct,9,2021-01-01T00:00:00+00:00,2023-12-31T23:00:00+00:00,2024-01-01T00:00:00+00:00,2024-03-31T23:00:00+00:00,0.011221110225208664,0.03189387192757824,8,0.528736481248476,4.229891849987808,2.8994128723429218,-1.1706051143772394,0.12095170762018914
anchored_12m_3m,round_trip_0_10pct,10,2021-01-01T00:00:00+00:00,2024-03-31T23:00:00+00:00,2024-04-01T00:00:00+00:00,2024-06-30T23:00:00+00:00,0.011206124239028004,0.031254544727291826,9,-0.010234031014767676,-0.09210627913290909,0.9779922213218415,-3.15181276451659,-0.02020370823129891
anchored_12m_3m,round_trip_0_10pct,11,2021-01-01T00:00:00+00:00,2024-06-30T23:00:00+00:00,2024-07-01T00:00:00+00:00,2024-09-30T23:00:00+00:00,0.010889341083051063,0.03049836906673233,8,0.4712260896879415,3.769808717503532,4.053605646810373,-1.0501718424777255,0.12391824019541642
anchored_12m_3m,round_trip_0_10pct,12,2021-01-01T00:00:00+00:00,2024-09-30T23:00:00+00:00,2024-10-01T00:00:00+00:00,2024-12-31T18:00:00+00:00,0.010785108183154035,0.030009810387528656,7,0.26478644875520835,1.8535051412864583,1.8713807729667429,-1.0813151748974055,0.03399404721377497
anchored_12m_3m,round_trip_0_12pct,1,2021-01-01T00:00:00+00:00,2021-12-31T23:00:00+00:00,2022-01-01T00:00:00+00:00,2022-03-31T23:00:00+00:00,0.01940523603707689,0.04322712021612439,2,0.12310918072529753,0.24621836145059506,1.233730774536058,-1.0534272260010444,0.021539195186218052
anchored_12m_3m,round_trip_0_12pct,2,2021-01-01T00:00:00+00:00,2022-03-31T23:00:00+00:00,2022-04-01T00:00:00+00:00,2022-06-30T23:00:00+00:00,0.018199021423260353,0.0418686457834596,9,-0.2627335903939747,-2.364602313545772,0.6171299661523859,-3.8467935975234804,-0.21379892205440099
anchored_12m_3m,round_trip_0_12pct,3,2021-01-01T00:00:00+00:00,2022-06-30T23:00:00+00:00,2022-07-01T00:00:00+00:00,2022-09-30T23:00:00+00:00,0.0167624136641491,0.04083439712497367,6,0.33963553973890903,2.037813238433454,2.1140980160860843,-1.2791867932440786,0.06223979211310193
anchored_12m_3m,round_trip_0_12pct,4,2021-01-01T00:00:00+00:00,2022-09-30T23:00:00+00:00,2022-10-01T00:00:00+00:00,2022-12-31T23:00:00+00:00,0.016727192022051307,0.04074835215937162,3,-0.25309496536573667,-0.7592848960972101,0.6335628526120769,-1.041486615582529,0.002025090820235942
anchored_12m_3m,round_trip_0_12pct,5,2021-01-01T00:00:00+00:00,2022-12-31T23:00:00+00:00,2023-01-01T00:00:00+00:00,2023-03-31T23:00:00+00:00,0.015438276101015891,0.038793087499129984,1,1.2596660186465378,1.2596660186465378,,0.0,0.02051926595671949
anchored_12m_3m,round_trip_0_12pct,6,2021-01-01T00:00:00+00:00,2023-03-31T23:00:00+00:00,2023-04-01T00:00:00+00:00,2023-06-30T23:00:00+00:00,0.014555020027725796,0.03706247553479495,0,,0,,0.0,0.0
anchored_12m_3m,round_trip_0_12pct,7,2021-01-01T00:00:00+00:00,2023-06-30T23:00:00+00:00,2023-07-01T00:00:00+00:00,2023-09-30T23:00:00+00:00,0.013365522312688283,0.03517827499143888,1,-0.5151975570292378,-0.5151975570292378,0.0,-0.5151975570292378,-0.007334687319937028
anchored_12m_3m,round_trip_0_12pct,8,2021-01-01T00:00:00+00:00,2023-09-30T23:00:00+00:00,2023-10-01T00:00:00+00:00,2023-12-31T23:00:00+00:00,0.011898233028001304,0.03324456199029916,3,0.4609433549223876,1.3828300647671627,2.261257436276434,-1.0963900191935778,0.021625050824683356
anchored_12m_3m,round_trip_0_12pct,9,2021-01-01T00:00:00+00:00,2023-12-31T23:00:00+00:00,2024-01-01T00:00:00+00:00,2024-03-31T23:00:00+00:00,0.011221110225208664,0.03189387192757824,8,0.5210164930656256,4.168131944525005,2.853468003910689,-1.1822427502747788,0.11918412703273251
anchored_12m_3m,round_trip_0_12pct,10,2021-01-01T00:00:00+00:00,2024-03-31T23:00:00+00:00,2024-04-01T00:00:00+00:00,2024-06-30T23:00:00+00:00,0.011206124239028004,0.031254544727291826,9,-0.020867554369894896,-0.18780798932905407,0.9554784698693218,-3.179447383916464,-0.02197052197519922
anchored_12m_3m,round_trip_0_12pct,11,2021-01-01T00:00:00+00:00,2024-06-30T23:00:00+00:00,2024-07-01T00:00:00+00:00,2024-09-30T23:00:00+00:00,0.010889341083051063,0.03049836906673233,8,0.4634242751392209,3.7073942011137673,3.9378290030864607,-1.0602062109732713,0.12214693355670359
anchored_12m_3m,round_trip_0_12pct,12,2021-01-01T00:00:00+00:00,2024-09-30T23:00:00+00:00,2024-10-01T00:00:00+00:00,2024-12-31T18:00:00+00:00,0.010785108183154035,0.030009810387528656,7,0.25595163665138293,1.7916614565596805,1.8331574484748647,-1.0955180927970969,0.032553913642427545
anchored_12m_3m,round_trip_0_16pct,1,2021-01-01T00:00:00+00:00,2021-12-31T23:00:00+00:00,2022-01-01T00:00:00+00:00,2022-03-31T23:00:00+00:00,0.01940523603707689,0.04322712021612439,2,0.10859001874484009,0.21718003748968018,1.2027377500361784,-1.0712363013347266,0.0207303013636273
anchored_12m_3m,round_trip_0_16pct,2,2021-01-01T00:00:00+00:00,2022-03-31T23:00:00+00:00,2022-04-01T00:00:00+00:00,2022-06-30T23:00:00+00:00,0.018199021423260353,0.0418686457834596,9,-0.27602988586576477,-2.4842689727918827,0.6015549643884492,-3.907089832387019,-0.21670361102628488
anchored_12m_3m,round_trip_0_16pct,3,2021-01-01T00:00:00+00:00,2022-06-30T23:00:00+00:00,2022-07-01T00:00:00+00:00,2022-09-30T23:00:00+00:00,0.0167624136641491,0.04083439712497367,6,0.32426009486062357,1.9455605691637414,2.03590660243089,-1.3136628107446697,0.05971759744262184
anchored_12m_3m,round_trip_0_16pct,4,2021-01-01T00:00:00+00:00,2022-09-30T23:00:00+00:00,2022-10-01T00:00:00+00:00,2022-12-31T23:00:00+00:00,0.016727192022051307,0.04074835215937162,3,-0.263385879746908,-0.7901576392407241,0.623034145484035,-1.0553154874433714,0.0008223494422618938
anchored_12m_3m,round_trip_0_16pct,5,2021-01-01T00:00:00+00:00,2022-12-31T23:00:00+00:00,2023-01-01T00:00:00+00:00,2023-03-31T23:00:00+00:00,0.015438276101015891,0.038793087499129984,1,1.2351102470842705,1.2351102470842705,,0.0,0.020119265956719534
anchored_12m_3m,round_trip_0_16pct,6,2021-01-01T00:00:00+00:00,2023-03-31T23:00:00+00:00,2023-04-01T00:00:00+00:00,2023-06-30T23:00:00+00:00,0.014555020027725796,0.03706247553479495,0,,0,,0.0,0.0
anchored_12m_3m,round_trip_0_16pct,7,2021-01-01T00:00:00+00:00,2023-06-30T23:00:00+00:00,2023-07-01T00:00:00+00:00,2023-09-30T23:00:00+00:00,0.013365522312688283,0.03517827499143888,1,-0.5432940543743302,-0.5432940543743302,0.0,-0.5432940543743302,-0.007734687319937095
anchored_12m_3m,round_trip_0_16pct,8,2021-01-01T00:00:00+00:00,2023-09-30T23:00:00+00:00,2023-10-01T00:00:00+00:00,2023-12-31T23:00:00+00:00,0.011898233028001304,0.03324456199029916,3,0.4330119062921218,1.2990357188763653,2.1541740720495297,-1.125511090861361,0.020408141504971944
anchored_12m_3m,round_trip_0_16pct,9,2021-01-01T00:00:00+00:00,2023-12-31T23:00:00+00:00,2024-01-01T00:00:00+00:00,2024-03-31T23:00:00+00:00,0.011221110225208664,0.03189387192757824,8,0.5055765166999244,4.044612133599395,2.764209389039759,-1.2055180220698571,0.11565628004617579
anchored_12m_3m,round_trip_0_16pct,10,2021-01-01T00:00:00+00:00,2024-03-31T23:00:00+00:00,2024-04-01T00:00:00+00:00,2024-06-30T23:00:00+00:00,0.011206124239028004,0.031254544727291826,9,-0.04213460108014948,-0.3792114097213453,0.9114974533281209,-3.2347166227162134,-0.02549565643970808
anchored_12m_3m,round_trip_0_16pct,11,2021-01-01T00:00:00+00:00,2024-06-30T23:00:00+00:00,2024-07-01T00:00:00+00:00,2024-09-30T23:00:00+00:00,0.010889341083051063,0.03049836906673233,8,0.4478206460417798,3.5825651683342383,3.720734243996363,-1.0802749479643627,0.11861164638702704
anchored_12m_3m,round_trip_0_16pct,12,2021-01-01T00:00:00+00:00,2024-09-30T23:00:00+00:00,2024-10-01T00:00:00+00:00,2024-12-31T18:00:00+00:00,0.010785108183154035,0.030009810387528656,7,0.23828201244373193,1.6679740871061235,1.759148891265753,-1.1239239285964808,0.029678803227823902
rolling_12m_3m,round_trip_0_05pct,1,2021-01-01T00:00:00+00:00,2021-12-31T23:00:00+00:00,2022-01-01T00:00:00+00:00,2022-03-31T23:00:00+00:00,0.01940523603707689,0.04322712021612439,2,0.14851771419109816,0.2970354283821963,1.2905670160346416,-1.0222613441671007,0.02295552937575196
rolling_12m_3m,round_trip_0_05pct,2,2021-04-01T00:00:00+00:00,2022-03-31T23:00:00+00:00,2022-04-01T00:00:00+00:00,2022-06-30T23:00:00+00:00,0.017099510772168758,0.039839193121952166,10,-0.3166610832620693,-3.166610832620693,0.553010744896764,-4.752700359267902,-0.2437183227928844
rolling_12m_3m,round_trip_0_05pct,3,2021-07-01T00:00:00+00:00,2022-06-30T23:00:00+00:00,2022-07-01T00:00:00+00:00,2022-09-30T23:00:00+00:00,0.01399323117586726,0.036522808097565335,9,0.6127734272184333,5.514960844965899,4.74113648530805,-1.0224700706280068,0.14707963973135185
rolling_12m_3m,round_trip_0_05pct,4,2021-10-01T00:00:00+00:00,2022-09-30T23:00:00+00:00,2022-10-01T00:00:00+00:00,2022-12-31T23:00:00+00:00,0.013324572832723591,0.03597968116512935,4,-0.4344580413707658,-1.7378321654830633,0.4325641308635659,-2.049860659713058,-0.01178268658708348
rolling_12m_3m,round_trip_0_05pct,5,2022-01-01T00:00:00+00:00,2022-12-31T23:00:00+00:00,2023-01-01T00:00:00+00:00,2023-03-31T23:00:00+00:00,0.011431985724523308,0.03405252165810479,2,0.1354856784119276,0.2709713568238552,1.262653829184875,-1.0316672620566505,0.004584444762130158
rolling_12m_3m,round_trip_0_05pct,6,2022-04-01T00:00:00+00:00,2023-03-31T23:00:00+00:00,2023-04-01T00:00:00+00:00,2023-06-30T23:00:00+00:00,0.009810605881710455,0.030951055318177313,3,0.03010564650646107,0.09031693951938322,1.0754486339565958,-1.0275064369602906,-0.003968296031722884
rolling_12m_3m,round_trip_0_05pct,7,2022-07-01T00:00:00+00:00,2023-06-30T23:00:00+00:00,2023-07-01T00:00:00+00:00,2023-09-30T23:00:00+00:00,0.0087056237010108,0.02581037886277187,1,-0.2614427725722322,-0.2614427725722322,0.0,-0.2614427725722322,-0.004342183235055086
rolling_12m_3m,round_trip_0_05pct,8,2022-10-01T00:00:00+00:00,2023-09-30T23:00:00+00:00,2023-10-01T00:00:00+00:00,2023-12-31T23:00:00+00:00,0.005531351537876983,0.01891389145192618,12,0.5915555242689615,7.098666291227539,3.227825984847427,-2.0708963235967683,0.08785718200179571
rolling_12m_3m,round_trip_0_05pct,9,2023-01-01T00:00:00+00:00,2023-12-31T23:00:00+00:00,2024-01-01T00:00:00+00:00,2024-03-31T23:00:00+00:00,0.0054518342492813066,0.018701477653569318,18,0.15736152575203965,2.832507463536714,1.4387172123651526,-3.2129529462634085,0.10431735415583865
rolling_12m_3m,round_trip_0_05pct,10,2023-04-01T00:00:00+00:00,2024-03-31T23:00:00+00:00,2024-04-01T00:00:00+00:00,2024-06-30T23:00:00+00:00,0.005875559877624781,0.018972445767982363,21,-0.05132142695299134,-1.0777499660128183,0.9050619323981585,-3.840851248847251,-0.04992167351108523
rolling_12m_3m,round_trip_0_05pct,11,2023-07-01T00:00:00+00:00,2024-06-30T23:00:00+00:00,2024-07-01T00:00:00+00:00,2024-09-30T23:00:00+00:00,0.006417512187578467,0.021351140422050097,13,0.14894532976624744,1.9362892869612167,1.3744305939861845,-2.0750967860821588,0.106789604188547
rolling_12m_3m,round_trip_0_05pct,12,2023-10-01T00:00:00+00:00,2024-09-30T23:00:00+00:00,2024-10-01T00:00:00+00:00,2024-12-31T18:00:00+00:00,0.008789579082230992,0.02429108814951584,11,0.0706290454953932,0.7769195004493252,1.1752347741898697,-3.1177505877573344,0.023287191608338587
rolling_12m_3m,round_trip_0_10pct,1,2021-01-01T00:00:00+00:00,2021-12-31T23:00:00+00:00,2022-01-01T00:00:00+00:00,2022-03-31T23:00:00+00:00,0.01940523603707689,0.04322712021612439,2,0.13036876171552625,0.2607375234310525,1.2496236092744664,-1.0445226883342034,0.021943762097513586
rolling_12m_3m,round_trip_0_10pct,2,2021-04-01T00:00:00+00:00,2022-03-31T23:00:00+00:00,2022-04-01T00:00:00+00:00,2022-06-30T23:00:00+00:00,0.017099510772168758,0.039839193121952166,10,-0.3327619329433945,-3.3276193294339453,0.5358569763094821,-4.839495825602938,-0.24760089310092637
rolling_12m_3m,round_trip_0_10pct,3,2021-07-01T00:00:00+00:00,2022-06-30T23:00:00+00:00,2022-07-01T00:00:00+00:00,2022-09-30T23:00:00+00:00,0.01399323117586726,0.036522808097565335,9,0.5930274059990577,5.337246653991519,4.52541354788507,-1.0438999356097964,0.1420047548511023
rolling_12m_3m,round_trip_0_10pct,4,2021-10-01T00:00:00+00:00,2022-09-30T23:00:00+00:00,2022-10-01T00:00:00+00:00,2022-12-31T23:00:00+00:00,0.013324572832723591,0.03597968116512935,4,-0.452249416074864,-1.808997664299456,0.42115979922600694,-2.099721319426111,-0.0137655215760919
rolling_12m_3m,round_trip_0_10pct,5,2022-01-01T00:00:00+00:00,2022-12-31T23:00:00+00:00,2023-01-01T00:00:00+00:00,2023-03-31T23:00:00+00:00,0.011431985724523308,0.03405252165810479,2,0.10430469015718691,0.20860938031437382,1.1961841505036535,-1.0633345241132977,0.0035822297175611695
rolling_12m_3m,round_trip_0_10pct,6,2022-04-01T00:00:00+00:00,2023-03-31T23:00:00+00:00,2023-04-01T00:00:00+00:00,2023-06-30T23:00:00+00:00,0.009810605881710455,0.030951055318177313,3,-0.004668070897336822,-0.014004212692010465,0.9888451339004137,-1.0648833759758027,-0.005463674830477383
rolling_12m_3m,round_trip_0_10pct,7,2022-07-01T00:00:00+00:00,2023-06-30T23:00:00+00:00,2023-07-01T00:00:00+00:00,2023-09-30T23:00:00+00:00,0.0087056237010108,0.02581037886277187,1,-0.291547763359075,-0.291547763359075,0.0,-0.291547763359075,-0.004842183235055031
rolling_12m_3m,round_trip_0_10pct,8,2022-10-01T00:00:00+00:00,2023-09-30T23:00:00+00:00,2023-10-01T00:00:00+00:00,2023-12-31T23:00:00+00:00,0.005531351537876983,0.01891389145192618,12,0.5553881244236164,6.664657493083396,3.01225122507663,-2.1301446034122375,0.08139259137426924
rolling_12m_3m,round_trip_0_10pct,9,2023-01-01T00:00:00+00:00,2023-12-31T23:00:00+00:00,2024-01-01T00:00:00+00:00,2024-03-31T23:00:00+00:00,0.0054518342492813066,0.018701477653569318,18,0.13287748195932594,2.391794675267867,1.35566150628172,-3.384961551014924,0.09447200553371093
rolling_12m_3m,round_trip_0_10pct,10,2023-04-01T00:00:00+00:00,2024-03-31T23:00:00+00:00,2024-04-01T00:00:00+00:00,2024-06-30T23:00:00+00:00,0.005875559877624781,0.018972445767982363,21,-0.08244736466053633,-1.731394657871263,0.8516190159375928,-3.9980018286671095,-0.05987393247441797
rolling_12m_3m,round_trip_0_10pct,11,2023-07-01T00:00:00+00:00,2024-06-30T23:00:00+00:00,2024-07-01T00:00:00+00:00,2024-09-30T23:00:00+00:00,0.006417512187578467,0.021351140422050097,13,0.12373575472715187,1.6085648114529743,1.3016257872370482,-2.1501935721643157,0.09967095120903524
rolling_12m_3m,round_trip_0_10pct,12,2023-10-01T00:00:00+00:00,2024-09-30T23:00:00+00:00,2024-10-01T00:00:00+00:00,2024-12-31T18:00:00+00:00,0.008789579082230992,0.02429108814951584,11,0.045394883656884925,0.4993437202257342,1.1082051285255397,-3.2050156897323294,0.01768375511059661
rolling_12m_3m,round_trip_0_12pct,1,2021-01-01T00:00:00+00:00,2021-12-31T23:00:00+00:00,2022-01-01T00:00:00+00:00,2022-03-31T23:00:00+00:00,0.01940523603707689,0.04322712021612439,2,0.12310918072529753,0.24621836145059506,1.233730774536058,-1.0534272260010444,0.021539195186218052
rolling_12m_3m,round_trip_0_12pct,2,2021-04-01T00:00:00+00:00,2022-03-31T23:00:00+00:00,2022-04-01T00:00:00+00:00,2022-06-30T23:00:00+00:00,0.017099510772168758,0.039839193121952166,10,-0.3392022728159246,-3.3920227281592457,0.5291089174759697,-4.874214012136954,-0.2491488924553099
rolling_12m_3m,round_trip_0_12pct,3,2021-07-01T00:00:00+00:00,2022-06-30T23:00:00+00:00,2022-07-01T00:00:00+00:00,2022-09-30T23:00:00+00:00,0.01399323117586726,0.036522808097565335,9,0.5851289975113075,5.266160977601768,4.442266738745154,-1.0524718816025125,0.13998039529156148
rolling_12m_3m,round_trip_0_12pct,4,2021-10-01T00:00:00+00:00,2022-09-30T23:00:00+00:00,2022-10-01T00:00:00+00:00,2022-12-31T23:00:00+00:00,0.013324572832723591,0.03597968116512935,4,-0.4593659659565032,-1.8374638638260128,0.41672498489560544,-2.119665583311332,-0.014557820048682113
rolling_12m_3m,round_trip_0_12pct,5,2022-01-01T00:00:00+00:00,2022-12-31T23:00:00+00:00,2023-01-01T00:00:00+00:00,2023-03-31T23:00:00+00:00,0.011431985724523308,0.03405252165810479,2,0.09183229485529076,0.18366458971058153,1.1706917711923535,-1.0760014289359563,0.0031814836997339224
rolling_12m_3m,round_trip_0_12pct,6,2022-04-01T00:00:00+00:00,2023-03-31T23:00:00+00:00,2023-04-01T00:00:00+00:00,2023-06-30T23:00:00+00:00,0.009810605881710455,0.030951055318177313,3,-0.01857755785885587,-0.05573267357656761,0.9564174219698662,-1.0798341515820074,-0.006061407046544676
rolling_12m_3m,round_trip_0_12pct,7,2022-07-01T00:00:00+00:00,2023-06-30T23:00:00+00:00,2023-07-01T00:00:00+00:00,2023-09-30T23:00:00+00:00,0.0087056237010108,0.02581037886277187,1,-0.3035897596738121,-0.3035897596738121,0.0,-0.3035897596738121,-0.005042183235055009
rolling_12m_3m,round_trip_0_12pct,8,2022-10-01T00:00:00+00:00,2023-09-30T23:00:00+00:00,2023-10-01T00:00:00+00:00,2023-12-31T23:00:00+00:00,0.005531351537876983,0.01891389145192618,12,0.5409211644854784,6.491053973825741,2.9305336351377114,-2.153843915338425,0.07881662965728875
rolling_12m_3m,round_trip_0_12pct,9,2023-01-01T00:00:00+00:00,2023-12-31T23:00:00+00:00,2024-01-01T00:00:00+00:00,2024-03-31T23:00:00+00:00,0.0054518342492813066,0.018701477653569318,18,0.12308386444224054,2.2155095599603296,1.3242675718780825,-3.4537649929155294,0.09055712525136106
rolling_12m_3m,round_trip_0_12pct,10,2023-04-01T00:00:00+00:00,2024-03-31T23:00:00+00:00,2024-04-01T00:00:00+00:00,2024-06-30T23:00:00+00:00,0.005875559877624781,0.018972445767982363,21,-0.09489773974355423,-1.9928525346146388,0.8310447526699211,-4.060862060595051,-0.0638269692718949
rolling_12m_3m,round_trip_0_12pct,11,2023-07-01T00:00:00+00:00,2024-06-30T23:00:00+00:00,2024-07-01T00:00:00+00:00,2024-09-30T23:00:00+00:00,0.006417512187578467,0.021351140422050097,13,0.11365192471151365,1.4774750212496774,1.2737251853764884,-2.180232286597178,0.09683534220426138
rolling_12m_3m,round_trip_0_12pct,12,2023-10-01T00:00:00+00:00,2024-09-30T23:00:00+00:00,2024-10-01T00:00:00+00:00,2024-12-31T18:00:00+00:00,0.008789579082230992,0.02429108814951584,11,0.0353012189214817,0.3883134081362987,1.0828443244849728,-3.239921730522327,0.015450201575831102
rolling_12m_3m,round_trip_0_16pct,1,2021-01-01T00:00:00+00:00,2021-12-31T23:00:00+00:00,2022-01-01T00:00:00+00:00,2022-03-31T23:00:00+00:00,0.01940523603707689,0.04322712021612439,2,0.10859001874484009,0.21718003748968018,1.2027377500361784,-1.0712363013347266,0.0207303013636273
rolling_12m_3m,round_trip_0_16pct,2,2021-04-01T00:00:00+00:00,2022-03-31T23:00:00+00:00,2022-04-01T00:00:00+00:00,2022-06-30T23:00:00+00:00,0.017099510772168758,0.039839193121952166,10,-0.3520829525609847,-3.520829525609847,0.5158022773354989,-4.9436503852049825,-0.2522362964106687
rolling_12m_3m,round_trip_0_16pct,3,2021-07-01T00:00:00+00:00,2022-06-30T23:00:00+00:00,2022-07-01T00:00:00+00:00,2022-09-30T23:00:00+00:00,0.01399323117586726,0.036522808097565335,9,0.5693321805358071,5.123989624822264,4.281058044885988,-1.0696157735879437,0.13594124232968263
rolling_12m_3m,round_trip_0_16pct,4,2021-10-01T00:00:00+00:00,2022-09-30T23:00:00+00:00,2022-10-01T00:00:00+00:00,2022-12-31T23:00:00+00:00,0.013324572832723591,0.03597968116512935,4,-0.4735990657197817,-1.8943962628791269,0.4080635668299877,-2.159554111081774,-0.01614098572207645
rolling_12m_3m,round_trip_0_16pct,5,2022-01-01T00:00:00+00:00,2022-12-31T23:00:00+00:00,2023-01-01T00:00:00+00:00,2023-03-31T23:00:00+00:00,0.011431985724523308,0.03405252165810479,2,0.06688750425149825,0.1337750085029965,1.1214662019489394,-1.101335238581274,0.002380231664078858
rolling_12m_3m,round_trip_0_16pct,6,2022-04-01T00:00:00+00:00,2023-03-31T23:00:00+00:00,2023-04-01T00:00:00+00:00,2023-06-30T23:00:00+00:00,0.009810605881710455,0.030951055318177313,3,-0.0463965317818942,-0.1391895953456826,0.8949892380005224,-1.109735702794417,-0.007256152936791049
rolling_12m_3m,round_trip_0_16pct,7,2022-07-01T00:00:00+00:00,2023-06-30T23:00:00+00:00,2023-07-01T00:00:00+00:00,2023-09-30T23:00:00+00:00,0.0087056237010108,0.02581037886277187,1,-0.3276737523032864,-0.3276737523032864,0.0,-0.3276737523032864,-0.005442183235055076
rolling_12m_3m,round_trip_0_16pct,8,2022-10-01T00:00:00+00:00,2023-09-30T23:00:00+00:00,2023-10-01T00:00:00+00:00,2023-12-31T23:00:00+00:00,0.005531351537876983,0.01891389145192618,12,0.5119872446092022,6.143846935310426,2.7742162288913295,-2.2012425391908006,0.07368157242878737
rolling_12m_3m,round_trip_0_16pct,9,2023-01-01T00:00:00+00:00,2023-12-31T23:00:00+00:00,2024-01-01T00:00:00+00:00,2024-03-31T23:00:00+00:00,0.0054518342492813066,0.018701477653569318,18,0.10349662940806954,1.8629393293452519,1.2643512179281806,-3.6010165341257703,0.08276700537239745
rolling_12m_3m,round_trip_0_16pct,10,2023-04-01T00:00:00+00:00,2024-03-31T23:00:00+00:00,2024-04-01T00:00:00+00:00,2024-06-30T23:00:00+00:00,0.005875559877624781,0.018972445767982363,21,-0.11979848990959027,-2.5157682881013956,0.791193101652774,-4.186582524450938,-0.07168560398854062
rolling_12m_3m,round_trip_0_16pct,11,2023-07-01T00:00:00+00:00,2024-06-30T23:00:00+00:00,2024-07-01T00:00:00+00:00,2024-09-30T23:00:00+00:00,0.006417512187578467,0.021351140422050097,13,0.0934842646802372,1.2152954408430836,1.2198829234085462,-2.240309715462904,0.09118436101356409
rolling_12m_3m,round_trip_0_16pct,12,2023-10-01T00:00:00+00:00,2024-09-30T23:00:00+00:00,2024-10-01T00:00:00+00:00,2024-12-31T18:00:00+00:00,0.008789579082230992,0.02429108814951584,11,0.015113889450675082,0.1662527839574259,1.034405031542864,-3.3097338121023228,0.010996457931551573
anchored_18m_6m,round_trip_0_05pct,1,2021-01-01T00:00:00+00:00,2022-06-30T23:00:00+00:00,2022-07-01T00:00:00+00:00,2022-12-31T23:00:00+00:00,0.0167624136641491,0.04083439712497367,9,0.16599975711771017,1.4939978140593915,1.395930864199395,-2.2361398524441007,0.0710733476605836
anchored_18m_6m,round_trip_0_05pct,2,2021-01-01T00:00:00+00:00,2022-12-31T23:00:00+00:00,2023-01-01T00:00:00+00:00,2023-06-30T23:00:00+00:00,0.015438276101015891,0.038793087499129984,1,1.3026386188805057,1.3026386188805057,,0.0,0.021219265956719635
anchored_18m_6m,round_trip_0_05pct,3,2021-01-01T00:00:00+00:00,2023-06-30T23:00:00+00:00,2023-07-01T00:00:00+00:00,2023-12-31T23:00:00+00:00,0.013365522312688283,0.03517827499143888,2,0.41609768839862327,0.8321953767972465,2.7857170611838797,-0.4660286866753261,0.015404120513799135
anchored_18m_6m,round_trip_0_05pct,4,2021-01-01T00:00:00+00:00,2023-12-31T23:00:00+00:00,2024-01-01T00:00:00+00:00,2024-06-30T23:00:00+00:00,0.011221110225208664,0.03189387192757824,17,0.26655527117660444,4.531439610002275,1.7222077005842116,-3.0827262160169036,0.10762929494844742
anchored_18m_6m,round_trip_0_05pct,5,2021-01-01T00:00:00+00:00,2024-06-30T23:00:00+00:00,2024-07-01T00:00:00+00:00,2024-12-31T18:00:00+00:00,0.010889341083051063,0.03049836906673233,15,0.3955972907720898,5.933959361581348,2.834457660746059,-1.1638275489918275,0.17078560606027127
anchored_18m_6m,round_trip_0_10pct,1,2021-01-01T00:00:00+00:00,2022-06-30T23:00:00+00:00,2022-07-01T00:00:00+00:00,2022-12-31T23:00:00+00:00,0.0167624136641491,0.04083439712497367,9,0.14889900539365084,1.3400910485428574,1.3467541291534688,-2.2965209641458912,0.06629639658103348
anchored_18m_6m,round_trip_0_10pct,2,2021-01-01T00:00:00+00:00,2022-12-31T23:00:00+00:00,2023-01-01T00:00:00+00:00,2023-06-30T23:00:00+00:00,0.015438276101015891,0.038793087499129984,1,1.2719439044276715,1.2719439044276715,,0.0,0.020719265956719468
anchored_18m_6m,round_trip_0_10pct,3,2021-01-01T00:00:00+00:00,2023-06-30T23:00:00+00:00,2023-07-01T00:00:00+00:00,2023-12-31T23:00:00+00:00,0.013365522312688283,0.03517827499143888,2,0.38390851511595603,0.7678170302319121,2.5321123214749015,-0.5011493083566916,0.014396594854938938
anchored_18m_6m,round_trip_0_10pct,4,2021-01-01T00:00:00+00:00,2023-12-31T23:00:00+00:00,2024-01-01T00:00:00+00:00,2024-06-30T23:00:00+00:00,0.011221110225208664,0.03189387192757824,17,0.2433991512267588,4.137785570854899,1.6453073175422936,-3.15181276451659,0.09830432637805475
anchored_18m_6m,round_trip_0_10pct,5,2021-01-01T00:00:00+00:00,2024-06-30T23:00:00+00:00,2024-07-01T00:00:00+00:00,2024-12-31T18:00:00+00:00,0.010889341083051063,0.03049836906673233,15,0.3748875905859993,5.62331385878999,2.672792222662143,-1.230146174487062,0.16212476991704206
anchored_18m_6m,round_trip_0_12pct,1,2021-01-01T00:00:00+00:00,2022-06-30T23:00:00+00:00,2022-07-01T00:00:00+00:00,2022-12-31T23:00:00+00:00,0.0167624136641491,0.04083439712497367,9,0.14205870470402712,1.2785283423362441,1.3277278743603325,-2.3206734088266074,0.06439092416499936
anchored_18m_6m,round_trip_0_12pct,2,2021-01-01T00:00:00+00:00,2022-12-31T23:00:00+00:00,2023-01-01T00:00:00+00:00,2023-06-30T23:00:00+00:00,0.015438276101015891,0.038793087499129984,1,1.2596660186465378,1.2596660186465378,,0.0,0.02051926595671949
anchored_18m_6m,round_trip_0_12pct,3,2021-01-01T00:00:00+00:00,2023-06-30T23:00:00+00:00,2023-07-01T00:00:00+00:00,2023-12-31T23:00:00+00:00,0.013365522312688283,0.03517827499143888,2,0.3710328458028893,0.7420656916057786,2.4403517281501124,-0.5151975570292378,0.01399372459139503
anchored_18m_6m,round_trip_0_12pct,4,2021-01-01T00:00:00+00:00,2023-12-31T23:00:00+00:00,2024-01-01T00:00:00+00:00,2024-06-30T23:00:00+00:00,0.011221110225208664,0.03189387192757824,17,0.2341367032468206,3.98032395519595,1.6154640189511673,-3.179447383916464,0.09459506757546521
anchored_18m_6m,round_trip_0_12pct,5,2021-01-01T00:00:00+00:00,2024-06-30T23:00:00+00:00,2024-07-01T00:00:00+00:00,2024-12-31T18:00:00+00:00,0.010889341083051063,0.03049836906673233,15,0.36660371051156315,5.4990556576734475,2.6114930828604623,-1.2566736246851553,0.15867720792582385
anchored_18m_6m,round_trip_0_16pct,1,2021-01-01T00:00:00+00:00,2022-06-30T23:00:00+00:00,2022-07-01T00:00:00+00:00,2022-12-31T23:00:00+00:00,0.0167624136641491,0.04083439712497367,9,0.1283781033247797,1.1554029299230173,1.2907242878211211,-2.368978298188041,0.0605890556178339
anchored_18m_6m,round_trip_0_16pct,2,2021-01-01T00:00:00+00:00,2022-12-31T23:00:00+00:00,2023-01-01T00:00:00+00:00,2023-06-30T23:00:00+00:00,0.015438276101015891,0.038793087499129984,1,1.2351102470842705,1.2351102470842705,,0.0,0.020119265956719534
anchored_18m_6m,round_trip_0_16pct,3,2021-01-01T00:00:00+00:00,2023-06-30T23:00:00+00:00,2023-07-01T00:00:00+00:00,2023-12-31T23:00:00+00:00,0.013365522312688283,0.03517827499143888,2,0.3452815071767555,0.690563014353511,2.2710667617166895,-0.5432940543743302,0.013188224064306864
anchored_18m_6m,round_trip_0_16pct,4,2021-01-01T00:00:00+00:00,2023-12-31T23:00:00+00:00,2024-01-01T00:00:00+00:00,2024-06-30T23:00:00+00:00,0.011221110225208664,0.03189387192757824,17,0.21561180728694412,3.66540072387805,1.5572767863919685,-3.2347166227162134,0.08721189082531633
anchored_18m_6m,round_trip_0_16pct,5,2021-01-01T00:00:00+00:00,2024-06-30T23:00:00+00:00,2024-07-01T00:00:00+00:00,2024-12-31T18:00:00+00:00,0.010889341083051063,0.03049836906673233,15,0.3500359503626908,5.250539255440362,2.4942082334958298,-1.3097285250813426,0.1518107013284995
rolling_18m_6m,round_trip_0_05pct,1,2021-01-01T00:00:00+00:00,2022-06-30T23:00:00+00:00,2022-07-01T00:00:00+00:00,2022-12-31T23:00:00+00:00,0.0167624136641491,0.04083439712497367,9,0.16599975711771017,1.4939978140593915,1.395930864199395,-2.2361398524441007,0.0710733476605836
rolling_18m_6m,round_trip_0_05pct,2,2021-07-01T00:00:00+00:00,2022-12-31T23:00:00+00:00,2023-01-01T00:00:00+00:00,2023-06-30T23:00:00+00:00,0.012871453817677514,0.03538856675746148,3,0.01020879392489804,0.030626381774694122,1.0240771125318557,-1.2720122371058116,0.0012914305435955953
rolling_18m_6m,round_trip_0_05pct,3,2022-01-01T00:00:00+00:00,2023-06-30T23:00:00+00:00,2023-07-01T00:00:00+00:00,2023-12-31T23:00:00+00:00,0.009551374982428973,0.029462211578075558,6,0.6420981564887794,3.8525889389326764,3.947949097911655,-1.0454281437749575,0.054834502488052994
rolling_18m_6m,round_trip_0_05pct,4,2022-07-01T00:00:00+00:00,2023-12-31T23:00:00+00:00,2024-01-01T00:00:00+00:00,2024-06-30T23:00:00+00:00,0.006725458955176844,0.022083754758708992,32,0.12167598983799072,3.893631674815703,1.277762972803353,-4.604865823994739,0.10297158452463107
rolling_18m_6m,round_trip_0_05pct,5,2023-01-01T00:00:00+00:00,2024-06-30T23:00:00+00:00,2024-07-01T00:00:00+00:00,2024-12-31T18:00:00+00:00,0.006662939158713188,0.021226841543895997,29,0.0395720687621867,1.1475899941034142,1.0836718215152195,-4.512251757012712,0.10552359914345599
rolling_18m_6m,round_trip_0_10pct,1,2021-01-01T00:00:00+00:00,2022-06-30T23:00:00+00:00,2022-07-01T00:00:00+00:00,2022-12-31T23:00:00+00:00,0.0167624136641491,0.04083439712497367,9,0.14889900539365084,1.3400910485428574,1.3467541291534688,-2.2965209641458912,0.06629639658103348
rolling_18m_6m,round_trip_0_10pct,2,2021-07-01T00:00:00+00:00,2022-12-31T23:00:00+00:00,2023-01-01T00:00:00+00:00,2023-06-30T23:00:00+00:00,0.012871453817677514,0.03538856675746148,3,-0.019448960668747423,-0.05834688200624227,0.9561397533522339,-1.3302907864339137,-0.00020927658900904422
rolling_18m_6m,round_trip_0_10pct,3,2022-01-01T00:00:00+00:00,2023-06-30T23:00:00+00:00,2023-07-01T00:00:00+00:00,2023-12-31T23:00:00+00:00,0.009551374982428973,0.029462211578075558,6,0.607111927011795,3.6426715620707695,3.652345938287349,-1.0818294833596864,0.05170163177948006
rolling_18m_6m,round_trip_0_10pct,4,2022-07-01T00:00:00+00:00,2023-12-31T23:00:00+00:00,2024-01-01T00:00:00+00:00,2024-06-30T23:00:00+00:00,0.006725458955176844,0.022083754758708992,32,0.09424549259576594,3.01585576306451,1.2086557065688128,-4.8490372302292455,0.08550850781080954
rolling_18m_6m,round_trip_0_10pct,5,2023-01-01T00:00:00+00:00,2024-06-30T23:00:00+00:00,2024-07-01T00:00:00+00:00,2024-12-31T18:00:00+00:00,0.006662939158713188,0.021226841543895997,29,0.011586269286797813,0.3360018093171366,1.0236954373190768,-4.737492600406515,0.08965651099161409
rolling_18m_6m,round_trip_0_12pct,1,2021-01-01T00:00:00+00:00,2022-06-30T23:00:00+00:00,2022-07-01T00:00:00+00:00,2022-12-31T23:00:00+00:00,0.0167624136641491,0.04083439712497367,9,0.14205870470402712,1.2785283423362441,1.3277278743603325,-2.3206734088266074,0.06439092416499936
rolling_18m_6m,round_trip_0_12pct,2,2021-07-01T00:00:00+00:00,2022-12-31T23:00:00+00:00,2023-01-01T00:00:00+00:00,2023-06-30T23:00:00+00:00,0.012871453817677514,0.03538856675746148,3,-0.03131206250620552,-0.09393618751861654,0.9306028114531936,-1.3536022061651543,-0.0008091393825362392
rolling_18m_6m,round_trip_0_12pct,3,2022-01-01T00:00:00+00:00,2023-06-30T23:00:00+00:00,2023-07-01T00:00:00+00:00,2023-12-31T23:00:00+00:00,0.009551374982428973,0.029462211578075558,6,0.5931174352210011,3.558704611326007,3.5419685805784042,-1.0963900191935778,0.050450656442433406
rolling_18m_6m,round_trip_0_12pct,4,2022-07-01T00:00:00+00:00,2023-12-31T23:00:00+00:00,2024-01-01T00:00:00+00:00,2024-06-30T23:00:00+00:00,0.006725458955176844,0.022083754758708992,32,0.08327329369887612,2.664745398364036,1.1821660706631856,-4.946705792723046,0.07859853477647016
rolling_18m_6m,round_trip_0_12pct,5,2023-01-01T00:00:00+00:00,2024-06-30T23:00:00+00:00,2024-07-01T00:00:00+00:00,2024-12-31T18:00:00+00:00,0.006662939158713188,0.021226841543895997,29,0.0003919494966423201,0.011366535402627283,1.000791217371702,-4.827588937764035,0.08337143748851172
rolling_18m_6m,round_trip_0_16pct,1,2021-01-01T00:00:00+00:00,2022-06-30T23:00:00+00:00,2022-07-01T00:00:00+00:00,2022-12-31T23:00:00+00:00,0.0167624136641491,0.04083439712497367,9,0.1283781033247797,1.1554029299230173,1.2907242878211211,-2.368978298188041,0.0605890556178339
rolling_18m_6m,round_trip_0_16pct,2,2021-07-01T00:00:00+00:00,2022-12-31T23:00:00+00:00,2023-01-01T00:00:00+00:00,2023-06-30T23:00:00+00:00,0.012871453817677514,0.03538856675746148,3,-0.05503826618112186,-0.16511479854336558,0.882079813485014,-1.4002250456276362,-0.002008145131566219
rolling_18m_6m,round_trip_0_16pct,3,2022-01-01T00:00:00+00:00,2023-06-30T23:00:00+00:00,2023-07-01T00:00:00+00:00,2023-12-31T23:00:00+00:00,0.009551374982428973,0.029462211578075558,6,0.5651284516394134,3.3907707098364805,3.3333375143469635,-1.125511090861361,0.04795242540484512
rolling_18m_6m,round_trip_0_16pct,4,2022-07-01T00:00:00+00:00,2023-12-31T23:00:00+00:00,2024-01-01T00:00:00+00:00,2024-06-30T23:00:00+00:00,0.006725458955176844,0.022083754758708992,32,0.06132889590509626,1.9625246689630804,1.1310372368552242,-5.142042917710651,0.0649061932613555
rolling_18m_6m,round_trip_0_16pct,5,2023-01-01T00:00:00+00:00,2024-06-30T23:00:00+00:00,2024-07-01T00:00:00+00:00,2024-12-31T18:00:00+00:00,0.006662939158713188,0.021226841543895997,29,-0.021996690083668818,-0.6379040124263957,0.956715891527035,-5.007781612479077,0.07090612734038215
