start,end,months,trades,expectancy_r,total_r,top_1_r,top_1_profit_share,without_top_1_r,without_top_1_expectancy_r,top_3_r,top_3_profit_share,without_top_3_r,without_top_3_expectancy_r,top_5_r,top_5_profit_share,without_top_5_r,without_top_5_expectancy_r
2021-01-01T00:00:00+00:00,2021-07-01T00:00:00+00:00,6,80,0.07501595432779166,6.001276346223333,1.3208060180495986,0.22008751836278892,4.680470328173735,0.05924645985030044,3.949664256840043,0.658137374281324,2.0516120893832905,0.02664431284913364,6.5749084768326655,1.0955850218379504,-0.5736321306093323,-0.007648428408124431
2021-02-01T00:00:00+00:00,2021-08-01T00:00:00+00:00,6,65,0.024592114733886554,1.598487457702626,1.3208060180495986,0.8262848805506952,0.27768143965302744,0.004338772494578554,3.9492924214988516,2.4706433588004773,-2.3508049637962256,-0.037916209093487516,6.565341940682513,4.107221429261846,-4.966854482979887,-0.08278090804966479
2021-03-01T00:00:00+00:00,2021-09-01T00:00:00+00:00,6,63,0.03577118448931215,2.2535846228266654,1.3208060180495986,0.5860911565827579,0.9327786047770668,0.015044816206081722,3.9492924214988516,1.752449134368544,-1.6957077986721865,-0.02826179664453644,6.563550831446909,2.9124936179295826,-4.309966208620244,-0.0743097622175904
2021-04-01T00:00:00+00:00,2021-10-01T00:00:00+00:00,6,66,0.06723092367833354,4.437240962770014,1.3208060180495986,0.29766380260427994,3.116434944720415,0.047945152995698695,3.9492924214988516,0.8900333460893336,0.4879485412711621,0.007745214940812097,6.56416772348478,1.4793354200415116,-2.1269267607147664,-0.03486765181499617
2021-05-01T00:00:00+00:00,2021-11-01T00:00:00+00:00,6,51,-0.013812540400179778,-0.7044395604091687,1.3208060180495986,-1.8749742238814895,-2.0252455784587675,-0.04050491156917534,3.9492924214988516,-5.606289940906972,-4.65373198190802,-0.09695274962308376,6.56416772348478,-9.31828377110455,-7.268607283893949,-0.1580132018237815
2021-06-01T00:00:00+00:00,2021-12-01T00:00:00+00:00,6,38,-0.0904342409645622,-3.436501156653363,1.305712472860244,-0.37995403270337097,-4.742213629513607,-0.12816793593280018,3.9012321856926278,-1.13523377640642,-7.337733342345991,-0.2096495240670283,6.490673457595613,-1.8887447324232989,-9.927174614248976,-0.3008234731590599
2021-07-01T00:00:00+00:00,2022-01-01T00:00:00+00:00,6,30,-0.046142109373674134,-1.384263281210224,1.305712472860244,-0.9432544304134794,-2.689975754070468,-0.09275778462311958,3.895976892549731,-2.814476801800004,-5.280240173759955,-0.19556445087999832,6.479321440974346,-4.680700217165083,-7.863584722184569,-0.31454338888738276
2021-08-01T00:00:00+00:00,2022-02-01T00:00:00+00:00,6,27,-0.00968701220650638,-0.26154932957567223,1.305712472860244,-4.992222595173854,-1.5672618024359164,-0.06027930009368909,3.895976892549731,-14.895763253801556,-4.157526222125403,-0.17323025925522514,6.477535042514719,-24.766016617299794,-6.7390843720903915,-0.3063220169131996
2021-09-01T00:00:00+00:00,2022-03-01T00:00:00+00:00,6,22,-0.019931806091053147,-0.4384997340031692,1.305712472860244,-2.9776813338974732,-1.7442122068634134,-0.08305772413635301,3.9050463314171973,-8.905470240009254,-4.343546065420366,-0.22860768765370348,6.4866044813821855,-14.792721587683573,-6.925104215385355,-0.4073590714932562
2021-10-01T00:00:00+00:00,2022-04-01T00:00:00+00:00,6,16,-0.15156611132216546,-2.4250577811546474,1.304390695451364,-0.5378802540656585,-3.729448476606011,-0.24862989844040076,3.8772835773988326,-1.5988417296814816,-6.3023413585534795,-0.48479548911949844,5.757111315613987,-2.3740099557021037,-8.182169096768634,-0.743833554251694
2021-11-01T00:00:00+00:00,2022-05-01T00:00:00+00:00,6,17,-0.06823186782878117,-1.15994175308928,1.304390695451364,-1.1245312033792838,-2.464332448540644,-0.15402077803379025,3.8772835773988326,-3.3426536867669774,-5.037225330488113,-0.3598018093205795,6.4226348887521985,-5.537032244633625,-7.582576641841478,-0.6318813868201232
2021-12-01T00:00:00+00:00,2022-06-01T00:00:00+00:00,6,14,-0.019974563469478235,-0.2796438885726953,1.304390695451364,-4.664470595474068,-1.5840345840240593,-0.12184881415569687,3.8742648845919327,-13.854280543609276,-4.153908773164628,-0.37762807028769346,5.746605814008573,-20.549727881911874,-6.026249702581268,-0.6695833002868076
2022-01-01T00:00:00+00:00,2022-07-01T00:00:00+00:00,6,18,-0.15578047215745405,-2.804048498834173,1.304390695451364,-0.4651812177976539,-4.108439194285537,-0.24167289378150217,3.8939387467608704,-1.3886845211057641,-6.697987245595043,-0.4465324830396696,6.452700913306368,-2.3012087401445376,-9.256749412140541,-0.712057647087734
2022-02-01T00:00:00+00:00,2022-08-01T00:00:00+00:00,6,22,0.08070634112826934,1.7755395048219256,1.304390695451364,0.7346447048398315,0.4711488093705616,0.02243565758907436,3.8970779418080435,2.194869745913591,-2.121538436986118,-0.11165991773611147,6.484272440890475,3.6520012217586806,-4.708732936068549,-0.2769842903569735
2022-03-01T00:00:00+00:00,2022-09-01T00:00:00+00:00,6,22,0.049165741418730764,1.0816463112120769,1.2965943241118019,1.1987230120156906,-0.214948012899725,-0.010235619661891668,3.8864266163744823,3.5930660291527365,-2.804780305162405,-0.14762001606117922,6.469765951143584,5.981406199124056,-5.388119639931507,-0.31694821411361807
2022-04-01T00:00:00+00:00,2022-10-01T00:00:00+00:00,6,25,0.025896594799091507,0.6474148699772877,1.2966684617144482,2.002840098127399,-0.6492535917371605,-0.027052232989048353,3.889355708071128,6.007516800174164,-3.24194083809384,-0.14736094718608364,6.476550207153559,10.003709379398044,-5.829135337176272,-0.29145676685881355
2022-05-01T00:00:00+00:00,2022-11-01T00:00:00+00:00,6,22,0.06761589833963415,1.4875497634719512,1.2966684617144482,0.8716807286419885,0.19088130175750304,0.009089585797976335,3.889355708071128,2.614605442841351,-2.4018059445991766,-0.12641083918943036,6.476550207153559,4.353837677360955,-4.989000443681608,-0.29347061433421223
2022-06-01T00:00:00+00:00,2022-12-01T00:00:00+00:00,6,23,0.018478651220005565,0.425008978060128,1.3162131657026146,3.0969067329123665,-0.8912041876424865,-0.04050928125647666,3.9094759515288646,9.198572626331138,-3.4844669734687366,-0.17422334867343683,6.499308243791544,15.292166940699444,-6.074299265731417,-0.33746107031841205
2022-07-01T00:00:00+00:00,2023-01-01T00:00:00+00:00,6,16,0.18601770874957357,2.976283339993177,1.3162131657026146,0.4422338249911488,1.6600701742905628,0.11067134495270418,3.9094759515288646,1.3135429342348255,-0.9331926115356872,-0.07178404704120671,6.4930995272511405,2.1816133699374283,-3.5168161872579633,-0.3197105624779967
2022-08-01T00:00:00+00:00,2023-02-01T00:00:00+00:00,6,11,-0.08060536559628147,-0.8866590215590961,1.3162131657026146,-1.484463738256667,-2.2028721872617107,-0.22028721872617107,3.8893577259479963,-4.386531497879503,-4.776016747507093,-0.5970020934383866,4.477297948548428,-5.049627691912019,-5.363956970107525,-0.8939928283512542
2022-09-01T00:00:00+00:00,2023-03-01T00:00:00+00:00,6,9,-0.09112257985411362,-0.8201032186870226,1.3162131657026146,-1.6049359833142214,-2.1363163843896373,-0.26703954804870467,3.1644321359585836,-3.858577876361477,-3.984535354645606,-0.6640892257742677,3.3475286767887775,-4.0818382375673865,-4.1676318954758,-1.04190797386895
2022-10-01T00:00:00+00:00,2023-04-01T00:00:00+00:00,6,6,-0.06505782218341699,-0.39034693310050195,1.3162131657026146,-3.371905999742366,-1.7065600988031164,-0.3413120197606233,2.734863896901569,-7.006238976130057,-3.1252108300020707,-1.0417369433340236,0.674802206673501,-1.7287242436198693,-1.065149139774003,-1.065149139774003
2022-11-01T00:00:00+00:00,2023-05-01T00:00:00+00:00,6,7,-0.0894346926526,-0.6260428485681999,1.3162131657026146,-2.1024330342769324,-1.9422560142708145,-0.32370933571180244,2.734863896901569,-4.368493152116309,-3.3609067454697685,-0.8402266863674421,1.4736784708579111,-2.353957838873662,-2.099721319426111,-1.0498606597130555
2022-12-01T00:00:00+00:00,2023-06-01T00:00:00+00:00,6,3,0.3943182719104187,1.1829548157312562,1.2719439044276715,1.075226109664557,-0.08898908869641534,-0.04449454434820767,1.1829548157312562,1.0,0,,1.1829548157312562,1.0,0,
2023-01-01T00:00:00+00:00,2023-07-01T00:00:00+00:00,6,4,0.02951785993886335,0.1180714397554534,1.2719439044276715,10.772663626886313,-1.153872464672218,-0.38462415489073937,1.1829548157312562,10.01897510677741,-1.0648833759758027,-1.0648833759758027,0.1180714397554534,1.0,0,
2023-02-01T00:00:00+00:00,2023-08-01T00:00:00+00:00,6,5,-0.034695264720724324,-0.1734763236036216,1.2719439044276715,-7.332089348019348,-1.445420228031293,-0.3613550570078233,1.1829548157312562,-6.819113935306847,-1.3564311393348778,-0.6782155696674389,-0.1734763236036216,1.0,0,
2023-03-01T00:00:00+00:00,2023-09-01T00:00:00+00:00,6,4,-0.08004578759372608,-0.3201831503749043,1.2719439044276715,-3.9725510319276482,-1.5921270548025757,-0.5307090182675253,0.7447002256008984,-2.325857012553361,-1.0648833759758027,-1.0648833759758027,-0.3201831503749043,1.0,0,
2023-04-01T00:00:00+00:00,2023-10-01T00:00:00+00:00,6,3,-0.5307090182675253,-1.5921270548025757,-0.235695915467698,0.1480383834674076,-1.3564311393348778,-0.6782155696674389,-1.5921270548025757,1.0,0,,-1.5921270548025757,1.0,0,
2023-05-01T00:00:00+00:00,2023-11-01T00:00:00+00:00,6,2,-0.6782155696674389,-1.3564311393348778,-0.291547763359075,0.21493738598631304,-1.0648833759758027,-1.0648833759758027,-1.3564311393348778,1.0,0,,-1.3564311393348778,1.0,0,
2023-06-01T00:00:00+00:00,2023-12-01T00:00:00+00:00,6,3,-0.029626921147210567,-0.0888807634416317,1.267550375893246,-14.261245367515892,-1.3564311393348778,-0.6782155696674389,-0.0888807634416317,1.0,0,,-0.0888807634416317,1.0,0,
2023-07-01T00:00:00+00:00,2024-01-01T00:00:00+00:00,6,5,0.47734612310520325,2.3867306155260164,1.267550375893246,0.531082296279125,1.1191802396327701,0.27979505990819253,3.7601078622447774,1.5754219758965464,-1.3733772467187615,-0.6866886233593807,2.3867306155260164,1.0,0,
2023-08-01T00:00:00+00:00,2024-02-01T00:00:00+00:00,6,8,0.6835146261003016,5.4681170088024125,1.2943138624788602,0.23670193238281334,4.173803146323552,0.5962575923319361,3.84618054300244,0.7033829994513601,1.6219364657999724,0.3243872931599945,6.3672820600682165,1.1644377854055346,-0.8991650512658038,-0.2997216837552679
2023-09-01T00:00:00+00:00,2024-03-01T00:00:00+00:00,6,8,0.6835146261003016,5.4681170088024125,1.2943138624788602,0.23670193238281334,4.173803146323552,0.5962575923319361,3.84618054300244,0.7033829994513601,1.6219364657999724,0.3243872931599945,6.3672820600682165,1.1644377854055346,-0.8991650512658038,-0.2997216837552679
2023-10-01T00:00:00+00:00,2024-04-01T00:00:00+00:00,6,12,0.575680852406075,6.908170228872899,1.3061599864862123,0.1890746671277842,5.6020102423866875,0.5092736583987898,3.904972196926587,0.5652686699302286,3.003198031946313,0.333688670216257,6.456838877450167,0.9346670194176194,0.4513313514227329,0.0644759073461047
2023-11-01T00:00:00+00:00,2024-05-01T00:00:00+00:00,6,15,0.5618368944555837,8.427553416833756,1.3061599864862123,0.1549868534653487,7.121393430347544,0.5086709593105389,3.916436542063583,0.46471809175847306,4.511116874770173,0.3759264062308478,6.48826516598977,0.7698871600184315,1.9392882508439868,0.19392882508439868
2023-12-01T00:00:00+00:00,2024-06-01T00:00:00+00:00,6,17,0.23577589861317177,4.00819027642392,1.3061599864862123,0.32587274964689533,2.7020302899377078,0.16887689312110674,3.916436542063583,0.9771084384641042,0.09175373436033724,0.006553838168595517,6.48826516598977,1.6187517853515065,-2.480074889565849,-0.20667290746382078
2024-01-01T00:00:00+00:00,2024-07-01T00:00:00+00:00,6,17,0.2433991512267588,4.137785570854899,1.3061599864862123,0.3156664269135506,2.831625584368687,0.17697659902304294,3.916436542063583,0.9465054375097587,0.22134902879131646,0.01581064491366546,6.48826516598977,1.5680525379784827,-2.3504795951348703,-0.1958732995945725
2024-02-01T00:00:00+00:00,2024-08-01T00:00:00+00:00,6,16,0.13959172386697896,2.2334675818716634,1.3061599864862123,0.5848126013056523,0.927307595385451,0.06182050635903007,3.916436542063583,1.7535228959005433,-1.6829689601919195,-0.1294591507839938,6.456188903687843,2.8906570912829217,-4.222721321816179,-0.38388375652874357
2024-03-01T00:00:00+00:00,2024-09-01T00:00:00+00:00,6,20,0.25947611072061866,5.1895222144123725,1.3061599864862123,0.2516917613067995,3.88336222792616,0.20438748568032422,3.916436542063583,0.754681525630015,1.2730856723487898,0.07488739249110528,6.503611402527426,1.2532196864801073,-1.3140891881150532,-0.08760594587433689
2024-04-01T00:00:00+00:00,2024-10-01T00:00:00+00:00,6,17,0.20982666137696881,3.56705324340847,1.3057782076158562,0.36606636304876966,2.2612750357926137,0.14132968973703836,3.892953068079699,1.0913638800523813,-0.32589982467122935,-0.02327855890508781,6.425163921298108,1.8012525978329925,-2.8581106778896386,-0.23817588982413654
2024-05-01T00:00:00+00:00,2024-11-01T00:00:00+00:00,6,14,0.14626214681768665,2.0476700554476133,1.2943839895807527,0.6321252714211348,0.7532860658668604,0.05794508198975849,3.872424222941082,1.8911368131007729,-1.8247541674934693,-0.1658867424994063,5.752753895738822,2.8094144759475377,-3.7050838402912087,-0.41167598225457874
2024-06-01T00:00:00+00:00,2024-12-01T00:00:00+00:00,6,13,0.4172349948694449,5.424054933302783,1.2943839895807527,0.23863769919317246,4.12967094372203,0.3441392453101692,3.872424222941082,0.7139352883697858,1.5516307103617009,0.1551630710361701,6.3801990069536645,1.1762784642501163,-0.9561440736508812,-0.11951800920636015
2024-07-01T00:00:00+00:00,2025-01-01T00:00:00+00:00,6,15,0.33036923487272457,4.955538523090869,1.2943839895807527,0.26119946067403776,3.661154533510116,0.2615110381078654,3.8735582733513243,0.7816624278677402,1.0819802497395445,0.09016502081162871,6.440138751798889,1.2995840354767427,-1.4846002287080207,-0.14846002287080207
2021-01-01T00:00:00+00:00,2022-01-01T00:00:00+00:00,12,110,0.041972846045573727,4.61701306501311,1.3208060180495986,0.2860737016445606,3.2962070469635107,0.03024043162351845,3.949664256840043,0.8554587568248149,0.6673488081730665,0.0062369047492809955,6.5749084768326655,1.4240610507811065,-1.9578954118195562,-0.01864662296971006
2021-02-01T00:00:00+00:00,2022-02-01T00:00:00+00:00,12,92,0.014531936175292977,1.336938128126954,1.3208060180495986,0.9879335402753782,0.016132110077355176,0.00017727593491599094,3.9492924214988516,2.9539829393838875,-2.612354293371898,-0.029352295431144922,6.565341940682513,4.910729825530922,-5.22840381255556,-0.060096595546615623
2021-03-01T00:00:00+00:00,2022-03-01T00:00:00+00:00,12,85,0.02135393986851172,1.815084888823496,1.3208060180495986,0.7276827801181907,0.4942788707738975,0.005884272271117827,3.9492924214988516,2.1758169250468,-2.134207532675356,-0.026026921130187265,6.56416772348478,3.6164521912468515,-4.749082834661284,-0.05936353543326605
2021-04-01T00:00:00+00:00,2022-04-01T00:00:00+00:00,12,82,0.02453881928799228,2.0121831816153666,1.3208060180495986,0.6564044616401499,0.6913771635657682,0.008535520537848989,3.9492924214988516,1.9626903045320094,-1.937109239883485,-0.024520370125107407,6.56416772348478,3.262211802314694,-4.551984541869413,-0.05911668236194043
2021-05-01T00:00:00+00:00,2022-05-01T00:00:00+00:00,12,68,-0.02741737225733013,-1.8643813134984486,1.3208060180495986,-0.7084419954688083,-3.1851873315480472,-0.04754010942609026,3.9492924214988516,-2.1182857781856534,-5.813673734997301,-0.08944113438457385,6.56416772348478,-3.5208289613069232,-8.42854903698323,-0.13378649265052744
2021-06-01T00:00:00+00:00,2022-06-01T00:00:00+00:00,12,52,-0.07146432779280881,-3.7161450452260585,1.305712472860244,-0.35136208543249037,-5.0218575180863025,-0.09846779447228043,3.910301624560094,-1.052246771041259,-7.626446669786152,-0.15564176877114597,6.500566044249581,-1.749276727667163,-10.21671108947564,-0.21737683169097105
2021-07-01T00:00:00+00:00,2022-07-01T00:00:00+00:00,12,48,-0.0872564954175916,-4.188311780044397,1.305712472860244,-0.3117514983200232,-5.494024252904641,-0.11689413304052428,3.906196090556486,-0.9326421469308762,-8.094507870600882,-0.1798779526800196,6.4964605102459725,-1.5510928630478196,-10.68477229029037,-0.2484830765183807
2021-08-01T00:00:00+00:00,2022-08-01T00:00:00+00:00,12,49,0.030897758678494966,1.5139901752462532,1.305712472860244,0.8624312721500108,0.20827770238600926,0.004339118799708526,3.90669749242341,2.580398179788702,-2.3927073171771567,-0.05201537646037297,6.498111671252186,4.292043487135084,-4.984121496005932,-0.11327548854558937
2021-09-01T00:00:00+00:00,2022-09-01T00:00:00+00:00,12,44,0.01461696766383881,0.6431465772089076,1.305712472860244,2.0301942343014616,-0.6625658956513365,-0.015408509201193871,3.90669749242341,6.074350126183494,-3.2635509152145024,-0.07959880281010981,6.497733577773877,10.103036862875625,-5.854587000564969,-0.15011761539910176
2021-10-01T00:00:00+00:00,2022-10-01T00:00:00+00:00,12,41,-0.04335714417505755,-1.7776429111773595,1.304390695451364,-0.7337754322027737,-3.0820336066287237,-0.07705084016571809,3.8976534812776142,-2.1925964189827867,-5.675296392454974,-0.14934990506460458,6.487485773540294,-3.6494876067339845,-8.265128684717654,-0.22958690790882372
2021-11-01T00:00:00+00:00,2022-11-01T00:00:00+00:00,12,39,0.008400205394427467,0.32760801038267123,1.304390695451364,3.9815592235603026,-0.9767826850686927,-0.025704807501807703,3.8976534812776142,11.89730823957832,-3.570045470894943,-0.09916792974708175,6.487485773540294,19.8025859195641,-6.159877763157623,-0.18117287538698892
2021-12-01T00:00:00+00:00,2022-12-01T00:00:00+00:00,12,37,0.0039287862023630465,0.14536508948743274,1.3162131657026146,9.054534141200424,-1.1708480762151818,-0.03252355767264394,3.9172723228684267,26.947820392647213,-3.771907233380994,-0.11093844804061748,6.509959569225106,44.78351433744972,-6.364594479737674,-0.1988935774918023
2022-01-01T00:00:00+00:00,2023-01-01T00:00:00+00:00,12,34,0.005065730622323659,0.17223484115900442,1.3162131657026146,7.64196812239347,-1.1439783245436101,-0.03466600983465486,3.9172723228684267,22.743785731785035,-3.7450374817094225,-0.12080766070030395,6.509959569225106,37.796995807690365,-6.337724728066102,-0.21854223200227937
2022-02-01T00:00:00+00:00,2023-02-01T00:00:00+00:00,12,33,0.026935772220085738,0.8888804832628294,1.3162131657026146,1.480753813911143,-0.4273326824397852,-0.013354146326243288,3.9172723228684267,4.406973037015309,-3.0283918396055975,-0.10094639465351991,6.509959569225106,7.32377377139487,-5.621079085962277,-0.20075282449865275
2022-03-01T00:00:00+00:00,2023-03-01T00:00:00+00:00,12,31,0.008436873952421103,0.2615430925250542,1.3162131657026146,5.032490642346173,-1.0546700731775605,-0.03515566910591868,3.9094759515288646,14.947731610057188,-3.6479328590038103,-0.13028331639299323,6.499308243791544,24.849856216978665,-6.2377651512664904,-0.2399140442794804
2022-04-01T00:00:00+00:00,2023-04-01T00:00:00+00:00,12,31,0.00829251409279954,0.2570679368767857,1.3162131657026146,5.120098529959743,-1.059145228825829,-0.035304840960860964,3.9094759515288646,15.207948525306373,-3.652408014652079,-0.1304431433804314,6.499308243791544,25.282453824284996,-6.242240306914759,-0.24008616565056765
2022-05-01T00:00:00+00:00,2023-05-01T00:00:00+00:00,12,29,0.029707134996681078,0.8615069149037512,1.3162131657026146,1.527803367486219,-0.45470625079886334,-0.016239508957102262,3.9094759515288646,4.537950751057682,-3.0479690366251133,-0.11722957833173513,6.499308243791544,7.544116165936586,-5.637801328887794,-0.23490838870365807
2022-06-01T00:00:00+00:00,2023-06-01T00:00:00+00:00,12,26,0.06184476129966862,1.6079637937913842,1.3162131657026146,0.8185589568525937,0.29175062808876956,0.011670025123550781,3.9094759515288646,2.4313208833581963,-2.3015121577374806,-0.10006574598858611,6.499308243791544,4.041949370307003,-4.891344450000161,-0.23292116428572193
2022-07-01T00:00:00+00:00,2023-07-01T00:00:00+00:00,12,20,0.15471773898743155,3.0943547797486306,1.3162131657026146,0.4253594882903301,1.7781416140460162,0.09358640073926401,3.9094759515288646,1.263422015185489,-0.8151211717802339,-0.0479483042223667,6.4930995272511405,2.0983694467570415,-3.39874474750251,-0.22658298316683398
2022-08-01T00:00:00+00:00,2023-08-01T00:00:00+00:00,12,16,-0.06625845907266986,-1.0601353451627178,1.3162131657026146,-1.2415520072114867,-2.3763485108653324,-0.15842323405768882,3.8893577259479963,-3.66873696240269,-4.949493071110714,-0.3807302362392857,5.712852138917189,-5.388795086386197,-6.7729874840799065,-0.6157261349163551
2022-09-01T00:00:00+00:00,2023-09-01T00:00:00+00:00,12,13,-0.08771433608168669,-1.140286369061927,1.3162131657026146,-1.1542829954070366,-2.4564995347645415,-0.20470829456371178,3.8848255318447342,-3.4068858816935976,-5.025111900906661,-0.5025111900906661,4.583082867157538,-4.01923849263223,-5.723369236219464,-0.715421154527433
2022-10-01T00:00:00+00:00,2023-10-01T00:00:00+00:00,12,9,-0.2202748875447864,-1.9824739879030777,1.3162131657026146,-0.6639245577667391,-3.2986871536056923,-0.41233589420071154,2.734863896901569,-1.3795206966595897,-4.717337884804646,-0.7862229808007744,2.207620218074796,-1.1135683149163849,-4.190094205977873,-1.0475235514944683
2022-11-01T00:00:00+00:00,2023-11-01T00:00:00+00:00,12,9,-0.2202748875447864,-1.9824739879030777,1.3162131657026146,-0.6639245577667391,-3.2986871536056923,-0.41233589420071154,2.734863896901569,-1.3795206966595897,-4.717337884804646,-0.7862229808007744,2.207620218074796,-1.1135683149163849,-4.190094205977873,-1.0475235514944683
2022-12-01T00:00:00+00:00,2023-12-01T00:00:00+00:00,12,6,0.18234567538160407,1.0940740522896244,1.2719439044276715,1.1625756974729542,-0.17786985213804704,-0.03557397042760941,2.6862011070922,2.4552278718891563,-1.5921270548025757,-0.5307090182675253,2.158957428265427,1.9733192865211153,-1.0648833759758027,-1.0648833759758027
2023-01-01T00:00:00+00:00,2024-01-01T00:00:00+00:00,12,9,0.27831133947571884,2.50480205528147,1.2719439044276715,0.5078021641453582,1.2328581508537981,0.15410726885672477,3.7930454214934475,1.5143094495214373,-1.288243366211978,-0.21470722770199635,5.178758593443732,2.067532076047336,-2.6739565381622623,-0.6684891345405656
2023-02-01T00:00:00+00:00,2024-02-01T00:00:00+00:00,12,13,0.4072800527075993,5.294640685198791,1.2943138624788602,0.2444573559254218,4.000326822719931,0.33336056855999424,3.84618054300244,0.7264290008865885,1.4484601421963508,0.14484601421963508,6.385674823323358,1.2060638677851285,-1.0910341381245667,-0.13637926726557084
2023-03-01T00:00:00+00:00,2024-03-01T00:00:00+00:00,12,12,0.42899448820229236,5.147933858427508,1.2943138624788602,0.25142394950548613,3.853619995948648,0.3503290905407862,3.84618054300244,0.7471309167475002,1.3017533154250682,0.144639257269452,6.385674823323358,1.2404345119682503,-1.2377409648958493,-0.1768201378422642
2023-04-01T00:00:00+00:00,2024-04-01T00:00:00+00:00,12,15,0.3544028782713549,5.316043174070324,1.3061599864862123,0.2457015384783129,4.009883187584111,0.2864202276845794,3.904972196926587,0.7345636724648108,1.411070977143737,0.11758924809531142,6.456838877450167,1.2145948906028865,-1.1407957033798428,-0.11407957033798428
2023-05-01T00:00:00+00:00,2024-05-01T00:00:00+00:00,12,17,0.4159483692646399,7.071122277498879,1.3061599864862123,0.1847174939461255,5.764962291012666,0.36031014318829163,3.916436542063583,0.5538635012049123,3.1546857354352955,0.2253346953882354,6.48826516598977,0.9175721917065658,0.5828571115091091,0.048571425959092425
2023-06-01T00:00:00+00:00,2024-06-01T00:00:00+00:00,12,20,0.19596547564911443,3.9193095129822884,1.3061599864862123,0.33326278064023745,2.613149526496076,0.13753418560505665,3.916436542063583,0.9992669701361454,0.002872970918705531,0.00016899828933561947,6.48826516598977,1.6554612858459108,-2.568955653007481,-0.17126371020049874
2023-07-01T00:00:00+00:00,2024-07-01T00:00:00+00:00,12,22,0.2965689175627689,6.524516186380915,1.3061599864862123,0.20019261952520748,5.2183561998947035,0.24849315237593825,3.916436542063583,0.6002646679363963,2.608079644317333,0.13726734970091226,6.48826516598977,0.9944438760889558,0.036251020391146194,0.00213241296418507
2023-08-01T00:00:00+00:00,2024-08-01T00:00:00+00:00,12,24,0.32089935794475316,7.701584590674075,1.3061599864862123,0.16959626569158953,6.3954246041878635,0.2780619393125158,3.916436542063583,0.5085234727936423,3.785148048610493,0.18024514517192824,6.503541275425533,0.8444419715003502,1.1980433152485426,0.06305491132887066
2023-09-01T00:00:00+00:00,2024-09-01T00:00:00+00:00,12,28,0.3806299722576709,10.657639223214785,1.3061599864862123,0.12255622085997207,9.351479236728572,0.346351082841799,3.916436542063583,0.3674769299314134,6.7412026811512025,0.2696481072460481,6.505134394123196,0.6103729219838405,4.15250482909159,0.18054368822137346
2023-10-01T00:00:00+00:00,2024-10-01T00:00:00+00:00,12,29,0.361214602492461,10.47522347228137,1.3061599864862123,0.12469041733977895,9.169063485795157,0.32746655306411276,3.916436542063583,0.37387618053466054,6.558786930217787,0.25226103577760717,6.505134394123196,0.6210019682478871,3.9700890781581735,0.16542037825659056
2023-11-01T00:00:00+00:00,2024-11-01T00:00:00+00:00,12,29,0.361214602492461,10.47522347228137,1.3061599864862123,0.12469041733977895,9.169063485795157,0.32746655306411276,3.916436542063583,0.37387618053466054,6.558786930217787,0.25226103577760717,6.505134394123196,0.6210019682478871,3.9700890781581735,0.16542037825659056
2023-12-01T00:00:00+00:00,2024-12-01T00:00:00+00:00,12,30,0.3144081736575568,9.432245209726704,1.3061599864862123,0.13847816266897686,8.12608522324049,0.2802098352841549,3.916436542063583,0.41521784633258707,5.51580866766312,0.2042892099134489,6.505134394123196,0.6896697710334102,2.9271108156035077,0.11708443262414031
2024-01-01T00:00:00+00:00,2025-01-01T00:00:00+00:00,12,32,0.28416637793580524,9.093324093945768,1.3061599864862123,0.14363944064809467,7.787164107459556,0.2511988421761147,3.916436542063583,0.4306936057267663,5.176887551882185,0.1785133638580064,6.505134394123196,0.7153747438138977,2.588189699822572,0.09585887777120639
2021-01-01T00:00:00+00:00,2022-07-01T00:00:00+00:00,18,128,0.014163785673272943,1.8129645661789366,1.3208060180495986,0.7285338294467456,0.49215854812933796,0.0038752641584987244,3.949664256840043,2.178566713614533,-2.1366996906611067,-0.017093597525288853,6.5749084768326655,3.626606167317521,-4.761943910653729,-0.03871499114352625
2021-02-01T00:00:00+00:00,2022-08-01T00:00:00+00:00,18,114,0.027302435376744556,3.1124776329488792,1.3208060180495986,0.4243583966893336,1.7916716148992808,0.015855501016807796,3.9492924214988516,1.2688580890321588,-0.8368147885499725,-0.007538871968918671,6.565341940682513,2.1093619665508276,-3.452864307733634,-0.031677654199391135
2021-03-01T00:00:00+00:00,2022-09-01T00:00:00+00:00,18,107,0.027072254205939936,2.896731200035573,1.3208060180495986,0.45596430142823696,1.5759251819859743,0.01486721869798089,3.9492924214988516,1.3633617166309226,-1.052561221463279,-0.010120780975608451,6.56416772348478,2.2660603522357095,-3.667436523449207,-0.03595526003381576
2021-04-01T00:00:00+00:00,2022-10-01T00:00:00+00:00,18,107,0.024856056556940696,2.6595980515926545,1.3208060180495986,0.49661865907092867,1.3387920335430559,0.012630113523991092,3.9492924214988516,1.4849207830987414,-1.2896943699061973,-0.012400907402944207,6.56416772348478,2.4681051783572863,-3.904569671892126,-0.03828009482247182
2021-05-01T00:00:00+00:00,2022-11-01T00:00:00+00:00,18,90,-0.004187017222516638,-0.37683155002649743,1.3208060180495986,-3.5050303456722887,-1.697637568076096,-0.01907457941658535,3.9492924214988516,-10.480259471960752,-4.326123971525349,-0.04972556289109597,6.56416772348478,-17.419368741877403,-6.940999273511277,-0.08165881498248562
2021-06-01T00:00:00+00:00,2022-12-01T00:00:00+00:00,18,75,-0.043881814228879074,-3.2911360671659304,1.3162131657026146,-0.3999266936526373,-4.607349232868545,-0.0622614761198452,3.9263163340142224,-1.1929972671701963,-7.217452401180153,-0.10024239446083547,6.523183251977157,-1.9820460530501292,-9.814319319143086,-0.1402045617020441
2021-07-01T00:00:00+00:00,2023-01-01T00:00:00+00:00,18,64,-0.018937944375800306,-1.2120284400512196,1.3162131657026146,-1.085958977701045,-2.528241605753834,-0.040130819138949746,3.9263163340142224,-3.239458913891739,-5.138344774065442,-0.08423516023058102,6.519579119840473,-5.379064471098516,-7.7316075598916925,-0.13104419593036767
2021-08-01T00:00:00+00:00,2023-02-01T00:00:00+00:00,18,60,0.010455519228119286,0.6273311536871571,1.3162131657026146,2.098115417936019,-0.6888820120154575,-0.011675966305346737,3.9263163340142224,6.2587619169511735,-3.2989851803270653,-0.05787693298819413,6.519579119840473,10.392563929786457,-5.892247966153316,-0.10713178120278756
2021-09-01T00:00:00+00:00,2023-03-01T00:00:00+00:00,18,53,-0.0033388045561908494,-0.17695664147811502,1.3162131657026146,-7.4380546257451226,-1.4931698071807296,-0.0287148039842448,3.9263163340142224,-22.18801340948713,-4.103272975492338,-0.08206545950984676,6.519579119840473,-36.84280547699464,-6.696535761318588,-0.13951116169413724
2021-10-01T00:00:00+00:00,2023-04-01T00:00:00+00:00,18,47,-0.046127443495273646,-2.1679898442778613,1.3162131657026146,-0.607112237714856,-3.484203009980476,-0.07574354369522775,3.9172723228684267,-1.8068683915690742,-6.085262167146288,-0.13830141288968836,6.509959569225106,-3.002762944857575,-8.677949413502969,-0.2066178431786421
2021-11-01T00:00:00+00:00,2023-05-01T00:00:00+00:00,18,46,-0.00648771387359845,-0.2984348381855287,1.3162131657026146,-4.410387117352436,-1.6146480038881432,-0.03588106675306985,3.9172723228684267,-13.126055746994146,-4.215707161053955,-0.09803970141985943,6.509959569225106,-21.813671650419195,-6.808394407410635,-0.1660584001807472
2021-12-01T00:00:00+00:00,2023-06-01T00:00:00+00:00,18,40,0.03320799763046722,1.328319905218689,1.3162131657026146,0.9908856748524888,0.012106739516074265,0.00031042921836087857,3.9172723228684267,2.9490428529138875,-2.588952417649738,-0.06997168696350643,6.509959569225106,4.900897399526159,-5.1816396640064175,-0.1480468475430405
2022-01-01T00:00:00+00:00,2023-07-01T00:00:00+00:00,18,38,0.0076396389714331004,0.2903062809144578,1.3162131657026146,4.533877674146679,-1.0259068847881567,-0.027727213102382617,3.9172723228684267,13.493584467167272,-3.626966041953969,-0.10362760119868483,6.509959569225106,22.424453059433954,-6.219653288310648,-0.18847434207001965
2022-02-01T00:00:00+00:00,2023-08-01T00:00:00+00:00,18,38,0.018826425254189677,0.7154041596592078,1.3162131657026146,1.839817602304144,-0.6008090060434068,-0.016238081244416402,3.9172723228684267,5.475607417119956,-3.201868163209219,-0.0914819475202634,6.509959569225106,9.099694880619944,-5.794555409565898,-0.1755925881686636
2022-03-01T00:00:00+00:00,2023-09-01T00:00:00+00:00,18,35,-0.0016754302242814301,-0.058640057849850054,1.3162131657026146,-22.445632115043697,-1.3748532235524646,-0.04043685951624896,3.9094759515288646,-66.66903299343967,-3.968116009378715,-0.12400362529308484,6.499308243791544,-110.83393301611764,-6.557948301641395,-0.21859827672137983
2022-04-01T00:00:00+00:00,2023-10-01T00:00:00+00:00,18,34,-0.03926644464487618,-1.33505911792579,1.3162131657026146,-0.9858838069639527,-2.651272283628405,-0.0803415843523759,3.9094759515288646,-2.92831673072486,-5.244535069454654,-0.1691785506275695,6.499308243791544,-4.8681801101730775,-7.834367361717335,-0.2701505986799081
2022-05-01T00:00:00+00:00,2023-11-01T00:00:00+00:00,18,31,-0.015965297562294402,-0.4949242244311265,1.3162131657026146,-2.6594236061398897,-1.811137390133741,-0.06037124633779137,3.9094759515288646,-7.899140431088166,-4.404400175959991,-0.1573000062842854,6.499308243791544,-13.131925904944234,-6.9942324682226715,-0.26900894108548734
2022-06-01T00:00:00+00:00,2023-12-01T00:00:00+00:00,18,29,0.052382173460336294,1.5190830303497525,1.3162131657026146,0.8664524186012207,0.20286986464713785,0.007245352308826352,3.9094759515288646,2.5735762123738226,-2.3903929211791124,-0.0919381892761197,6.499308243791544,4.278441740143163,-4.980225213441792,-0.207509383893408
2022-07-01T00:00:00+00:00,2024-01-01T00:00:00+00:00,18,25,0.2192434158109859,5.481085395274647,1.3162131657026146,0.24013732149426978,4.164872229572032,0.17353634289883468,3.9094759515288646,0.713266747294122,1.5716094437457824,0.07143679289753556,6.4930995272511405,1.184637541471069,-1.0120141319764935,-0.05060070659882467
2022-08-01T00:00:00+00:00,2024-02-01T00:00:00+00:00,18,24,0.18366590265165395,4.407981663639695,1.3162131657026146,0.2985976953034351,3.09176849793708,0.13442471730161218,3.9071954898959227,0.8863910487934584,0.5007861737437718,0.023846960654465323,6.461186349874183,1.4657924744040667,-2.0532046862344884,-0.10806340453865729
2022-09-01T00:00:00+00:00,2024-03-01T00:00:00+00:00,18,21,0.2060871733209755,4.327830639740486,1.3162131657026146,0.30412769705367676,3.011617474037871,0.15058087370189355,3.9071954898959227,0.9028069291847829,0.42063514984456263,0.023368619435809035,6.459062170419503,1.4924479971810574,-2.1312315306790173,-0.13320197066743858
2022-10-01T00:00:00+00:00,2024-04-01T00:00:00+00:00,18,21,0.23455696385570582,4.925696240969822,1.3162131657026146,0.2672136285536489,3.6094830752672076,0.18047415376336037,3.9268715001503414,0.7972216125485598,0.9988247408194807,0.05549026337886004,6.498700124076528,1.3193465057839207,-1.573003883106706,-0.09831274269416912
2022-11-01T00:00:00+00:00,2024-05-01T00:00:00+00:00,18,24,0.26854497620544493,6.445079428930678,1.3162131657026146,0.20421985178249252,5.128866263228064,0.2229941853577419,3.928151359804683,0.6094806748497146,2.5169280691259956,0.11985371757742835,6.526963570245058,1.0127049080181725,-0.08188414131437907,-0.004309691648125214
2022-12-01T00:00:00+00:00,2024-06-01T00:00:00+00:00,18,23,0.22183757950928454,5.102264328713544,1.3061599864862123,0.2559961425627551,3.7961043422273324,0.17255019737396965,3.916436542063583,0.7675879354237711,1.1858277866499616,0.059291389332498085,6.48826516598977,1.2716442637980074,-1.386000837276225,-0.07700004651534582
2023-01-01T00:00:00+00:00,2024-07-01T00:00:00+00:00,18,26,0.25548413946678344,6.642587626136369,1.3061599864862123,0.19663421244861085,5.336427639650156,0.21345710558600628,3.916436542063583,0.5895950136440369,2.7261510840727863,0.1185283080031646,6.48826516598977,0.9767677193238081,0.1543224601465996,0.007348688578409504
2023-02-01T00:00:00+00:00,2024-08-01T00:00:00+00:00,18,29,0.25958994024380877,7.528108267070454,1.3061599864862123,0.173504410424015,6.221948280584242,0.22221243859229436,3.916436542063583,0.520241792907643,3.6116717250068713,0.13891045096180274,6.503541275425533,0.8639011348805125,1.024566991644921,0.042690291318538374
2023-03-01T00:00:00+00:00,2024-09-01T00:00:00+00:00,18,32,0.3230455022762463,10.337456072839881,1.3061599864862123,0.1263521680075577,9.031296086353668,0.2913321318178603,3.916436542063583,0.3788588328180116,6.421019530776298,0.22141446657849304,6.505134394123196,0.6292780688291836,3.832321678716685,0.1419378399524698
2023-04-01T00:00:00+00:00,2024-10-01T00:00:00+00:00,18,32,0.2775967630462123,8.883096417478793,1.3061599864862123,0.14703881677070973,7.576936430992581,0.24441730422556715,3.916436542063583,0.4408864159525974,4.9666598754152105,0.17126413363500725,6.505134394123196,0.7323048280015729,2.377962023355598,0.08807266753168881
2023-05-01T00:00:00+00:00,2024-11-01T00:00:00+00:00,18,31,0.2941545913853707,9.11879233294649,1.3061599864862123,0.1432382643222408,7.812632346460279,0.26042107821534266,3.916436542063583,0.4294907043680961,5.202355790882908,0.18579842110296102,6.505134394123196,0.7133767451441937,2.613657938823296,0.10052530533935754
2023-06-01T00:00:00+00:00,2024-12-01T00:00:00+00:00,18,33,0.2831322559480325,9.343364446285072,1.3061599864862123,0.1397954659689575,8.03720445979886,0.25116263936871436,3.916436542063583,0.4191676953820163,5.426927904221489,0.18089759680738296,6.505134394123196,0.6962304030332074,2.838230052161876,0.10136535900578128
2023-07-01T00:00:00+00:00,2025-01-01T00:00:00+00:00,18,37,0.3102717489046428,11.480054709471784,1.3061599864862123,0.11377646009025953,10.173894722985573,0.2826081867495992,3.916436542063583,0.3411513830881199,7.563618167408201,0.2224593578649471,6.505134394123196,0.5666466370370206,4.974920315348588,0.15546625985464338
