signal_ts,signal_time,entry_time,exit_time,calendar_year,quarter,half_year,regime,exit_reason,gross_return,funding_return,cost_return,net_return,initial_risk_return,result_r
1609736400000,2021-01-04T05:00:00+00:00,2021-01-04T06:00:00+00:00,2021-01-04T06:00:00+00:00,2021,2021-01,2021-01,insufficient_history,take,0.06823641484426779,0.0,0.001,0.06723641484426779,0.05117731113320077,1.3137934243803762
1609743600000,2021-01-04T07:00:00+00:00,2021-01-04T08:00:00+00:00,2021-01-04T09:00:00+00:00,2021,2021-01,2021-01,insufficient_history,stop,-0.06231227127988215,-0.00375,0.001,-0.06706227127988215,0.06231227127988213,-1.0762289658591468
1609761600000,2021-01-04T12:00:00+00:00,2021-01-04T13:00:00+00:00,2021-01-05T00:00:00+00:00,2021,2021-01,2021-01,insufficient_history,take,0.11493937403816945,-0.00085432,0.001,0.11308505403816944,0.08620453052862702,1.3118226309534378
1609808400000,2021-01-05T01:00:00+00:00,2021-01-05T02:00:00+00:00,2021-01-05T03:00:00+00:00,2021,2021-01,2021-01,insufficient_history,stop,-0.07733267760540097,0.0,0.001,-0.07833267760540097,0.07733267760540084,-1.0129311441290414
1610190000000,2021-01-09T11:00:00+00:00,2021-01-09T12:00:00+00:00,2021-01-09T21:00:00+00:00,2021,2021-01,2021-01,insufficient_history,take,0.061935132188607245,-0.00156908,0.001,0.05936605218860724,0.04645134914145544,1.2780264359561109
1610233200000,2021-01-09T23:00:00+00:00,2021-01-10T00:00:00+00:00,2021-01-10T01:00:00+00:00,2021,2021-01,2021-01,insufficient_history,take,0.04438094419617289,-0.00340522,0.001,0.03997572419617289,0.03328570814712958,1.200987643689961
1610283600000,2021-01-10T13:00:00+00:00,2021-01-10T14:00:00+00:00,2021-01-10T17:00:00+00:00,2021,2021-01,2021-01,insufficient_history,stop,-0.037576409478586315,-0.00126049,0.001,-0.03983689947858632,0.03757640947858631,-1.0601571579447524
1610406000000,2021-01-11T23:00:00+00:00,2021-01-12T00:00:00+00:00,2021-01-13T00:00:00+00:00,2021,2021-01,2021-01,insufficient_history,time,-0.0875473850796804,-0.00055084,0.001,-0.0890982250796804,0.09217490614993924,-0.9666212725483652
1610521200000,2021-01-13T07:00:00+00:00,2021-01-13T08:00:00+00:00,2021-01-14T07:00:00+00:00,2021,2021-01,2021-01,insufficient_history,take,0.07066706289874736,-0.0006664399999999999,0.001,0.06900062289874735,0.05300029717406043,1.3018912454799942
1610784000000,2021-01-16T08:00:00+00:00,2021-01-16T09:00:00+00:00,2021-01-16T16:00:00+00:00,2021,2021-01,2021-01,insufficient_history,take,0.05545592825740231,-0.00152456,0.001,0.05293136825740231,0.0415919461930517,1.2726350436144045
1610895600000,2021-01-17T15:00:00+00:00,2021-01-17T16:00:00+00:00,2021-01-18T03:00:00+00:00,2021,2021-01,2021-01,insufficient_history,stop,-0.039991452131938776,-0.00109082,0.001,-0.042082272131938776,0.039991452131938866,-1.0522816724209445
1611100800000,2021-01-20T00:00:00+00:00,2021-01-20T01:00:00+00:00,2021-01-20T03:00:00+00:00,2021,2021-01,2021-01,insufficient_history,stop,-0.042597854656531875,0.0,0.001,-0.043597854656531876,0.04259785465653193,-1.0234753606270313
1611183600000,2021-01-20T23:00:00+00:00,2021-01-21T00:00:00+00:00,2021-01-21T02:00:00+00:00,2021,2021-01,2021-01,insufficient_history,stop,-0.0452313065986093,-0.00034937,0.001,-0.0465806765986093,0.045231306598609335,-1.0298326557747826
1611313200000,2021-01-22T11:00:00+00:00,2021-01-22T12:00:00+00:00,2021-01-23T12:00:00+00:00,2021,2021-01,2021-01,insufficient_history,time,0.01698111633107735,-0.00015431,0.001,0.01582680633107735,0.05829279283038076,0.2715053707776514
1611428400000,2021-01-23T19:00:00+00:00,2021-01-23T20:00:00+00:00,2021-01-24T04:00:00+00:00,2021,2021-01,2021-01,insufficient_history,take,0.04045044758978933,0.0,0.001,0.03945044758978933,0.0303378356923419,1.300371192917618
1611464400000,2021-01-24T05:00:00+00:00,2021-01-24T06:00:00+00:00,2021-01-24T22:00:00+00:00,2021,2021-01,2021-01,insufficient_history,take,0.03642507530120476,0.0,0.001,0.035425075301204756,0.027318806475903627,1.2967285131014494
1611687600000,2021-01-26T19:00:00+00:00,2021-01-26T20:00:00+00:00,2021-01-27T05:00:00+00:00,2021,2021-01,2021-01,insufficient_history,stop,-0.04197395166334106,-0.00036342,0.001,-0.04333737166334106,0.04197395166334099,-1.0324825265663717
1611802800000,2021-01-28T03:00:00+00:00,2021-01-28T04:00:00+00:00,2021-01-28T14:00:00+00:00,2021,2021-01,2021-01,insufficient_history,take,0.055621973972606265,-0.0001,0.001,0.05452197397260626,0.04171648047945474,1.3069648576767687
1612029600000,2021-01-30T18:00:00+00:00,2021-01-30T19:00:00+00:00,2021-01-31T07:00:00+00:00,2021,2021-01,2021-01,insufficient_history,stop,-0.02681949639036274,0.0,0.001,-0.02781949639036274,0.026819496390362692,-1.0372863078950054
1612504800000,2021-02-05T06:00:00+00:00,2021-02-05T07:00:00+00:00,2021-02-05T13:00:00+00:00,2021,2021-01,2021-01,insufficient_history,take,0.04484556394168093,0.0,0.001,0.04384556394168093,0.033634172956260804,1.3036016672299158
1612774800000,2021-02-08T09:00:00+00:00,2021-02-08T10:00:00+00:00,2021-02-08T12:00:00+00:00,2021,2021-01,2021-01,insufficient_history,take,0.03942118216531343,0.0,0.001,0.03842118216531343,0.02956588662398507,1.2995105695272664
1612929600000,2021-02-10T04:00:00+00:00,2021-02-10T05:00:00+00:00,2021-02-10T12:00:00+00:00,2021,2021-01,2021-01,insufficient_history,stop,-0.028297153432182642,0.0,0.001,-0.029297153432182643,0.028297153432182604,-1.0353392436591424
1613034000000,2021-02-11T09:00:00+00:00,2021-02-11T10:00:00+00:00,2021-02-12T10:00:00+00:00,2021,2021-01,2021-01,insufficient_history,time,0.0012608771860387336,-0.00323165,0.001,-0.0029707728139612664,0.027987727650527816,-0.10614555247414811
1613156400000,2021-02-12T19:00:00+00:00,2021-02-12T20:00:00+00:00,2021-02-13T07:00:00+00:00,2021,2021-01,2021-01,insufficient_history,stop,-0.0201821576043959,0.0,0.001,-0.0211821576043959,0.020182157604395845,-1.0495487162275579
1613386800000,2021-02-15T11:00:00+00:00,2021-02-15T12:00:00+00:00,2021-02-16T12:00:00+00:00,2021,2021-01,2021-01,insufficient_history,time,0.008293468055617703,-0.00194083,0.001,0.005352638055617703,0.02512455570706845,0.213044087944282
1613689200000,2021-02-18T23:00:00+00:00,2021-02-19T00:00:00+00:00,2021-02-19T02:00:00+00:00,2021,2021-01,2021-01,insufficient_history,stop,-0.019427250762446446,0.0,0.001,-0.020427250762446447,0.01942725076244642,-1.051474087210171
1614117600000,2021-02-23T22:00:00+00:00,2021-02-23T23:00:00+00:00,2021-02-24T23:00:00+00:00,2021,2021-01,2021-01,insufficient_history,time,0.03458644700545954,0.0,0.001,0.03358644700545954,0.07636898049933426,0.4397917424830927
1614348000000,2021-02-26T14:00:00+00:00,2021-02-26T15:00:00+00:00,2021-02-26T20:00:00+00:00,2021,2021-01,2021-01,insufficient_history,stop,-0.040933779982476604,0.0,0.001,-0.041933779982476604,0.04093377998247662,-1.024429700858999
1614542400000,2021-02-28T20:00:00+00:00,2021-02-28T21:00:00+00:00,2021-03-01T09:00:00+00:00,2021,2021-01,2021-01,insufficient_history,take,0.05545757362839088,-0.0001,0.001,0.05435757362839087,0.04159318022129326,1.3068866900579772
1615057200000,2021-03-06T19:00:00+00:00,2021-03-06T20:00:00+00:00,2021-03-06T21:00:00+00:00,2021,2021-01,2021-01,insufficient_history,take,0.02815056375102487,0.0,0.001,0.02715056375102487,0.02111292281326863,1.2859689769699638
1615878000000,2021-03-16T07:00:00+00:00,2021-03-16T08:00:00+00:00,2021-03-17T08:00:00+00:00,2021,2021-01,2021-01,insufficient_history,time,-0.009551167364900137,-0.00034812,0.001,-0.010899287364900138,0.02418559490604408,-0.45065202684662353
1616518800000,2021-03-23T17:00:00+00:00,2021-03-23T18:00:00+00:00,2021-03-23T20:00:00+00:00,2021,2021-01,2021-01,insufficient_history,stop,-0.021753087929558546,0.0,0.001,-0.022753087929558546,0.021753087929558528,-1.045970484891076
1616706000000,2021-03-25T21:00:00+00:00,2021-03-25T22:00:00+00:00,2021-03-26T16:00:00+00:00,2021,2021-01,2021-01,insufficient_history,take,0.03382609397206049,-0.0001,0.001,0.032726093972060485,0.02536957047904526,1.289974302051805
1617256800000,2021-04-01T06:00:00+00:00,2021-04-01T07:00:00+00:00,2021-04-01T08:00:00+00:00,2021,2021-04,2021-01,insufficient_history,take,0.026697341779851724,0.0,0.001,0.025697341779851723,0.020023006334888845,1.2833907830851405
1617300000000,2021-04-01T18:00:00+00:00,2021-04-01T19:00:00+00:00,2021-04-02T14:00:00+00:00,2021,2021-04,2021-01,insufficient_history,take,0.02756816555615882,-0.00172251,0.001,0.024845655556158818,0.02067612416711919,1.2016592353256588
1617418800000,2021-04-03T03:00:00+00:00,2021-04-03T04:00:00+00:00,2021-04-03T16:00:00+00:00,2021,2021-04,2021-01,weak_low,stop,-0.01916842599388091,-0.0022965,0.001,-0.022464925993880912,0.019168425993880894,-1.1719755185455683
1617541200000,2021-04-04T13:00:00+00:00,2021-04-04T14:00:00+00:00,2021-04-05T03:00:00+00:00,2021,2021-04,2021-01,weak_low,stop,-0.023852281512141027,-0.00072788,0.001,-0.025580161512141028,0.023852281512140985,-1.0724408689844005
1617865200000,2021-04-08T07:00:00+00:00,2021-04-08T08:00:00+00:00,2021-04-09T00:00:00+00:00,2021,2021-04,2021-01,weak_low,take,0.03330935263615209,-0.00038906,0.001,0.03192029263615209,0.024982014477114067,1.2777309318027237
1618444800000,2021-04-15T00:00:00+00:00,2021-04-15T01:00:00+00:00,2021-04-15T22:00:00+00:00,2021,2021-04,2021-01,weak_low,take,0.03634622111679442,-0.00110097,0.001,0.03424525111679442,0.027259665837595745,1.2562608551702918
1618603200000,2021-04-16T20:00:00+00:00,2021-04-16T21:00:00+00:00,2021-04-17T13:00:00+00:00,2021,2021-04,2021-01,weak_low,stop,-0.029371262357104966,-0.0009833,0.001,-0.031354562357104966,0.029371262357105066,-1.0675251875757437
1618776000000,2021-04-18T20:00:00+00:00,2021-04-18T21:00:00+00:00,2021-04-19T14:00:00+00:00,2021,2021-04,2021-01,weak_low,stop,-0.04452872795777241,-0.0002,0.001,-0.04572872795777241,0.04452872795777247,-1.0269488946807086
1618912800000,2021-04-20T10:00:00+00:00,2021-04-20T11:00:00+00:00,2021-04-20T18:00:00+00:00,2021,2021-04,2021-01,weak_low,take,0.047218111031178234,0.0,0.001,0.04621811103117823,0.03541358327338375,1.3050955808223728
1619010000000,2021-04-21T13:00:00+00:00,2021-04-21T14:00:00+00:00,2021-04-22T05:00:00+00:00,2021,2021-04,2021-01,strong_low,take,0.040383756316832775,-0.00023315,0.001,0.03915060631683277,0.03028781723762455,1.2926189434410138
1619071200000,2021-04-22T06:00:00+00:00,2021-04-22T07:00:00+00:00,2021-04-22T12:00:00+00:00,2021,2021-04,2021-01,strong_low,take,0.04215794707021292,-0.00011151,0.001,0.04104643707021292,0.03161846030265962,1.298179502648339
1619096400000,2021-04-22T13:00:00+00:00,2021-04-22T14:00:00+00:00,2021-04-22T20:00:00+00:00,2021,2021-04,2021-01,strong_low,stop,-0.03169832239700254,0.0,0.001,-0.032698322397002544,0.03169832239700252,-1.0315474108527138
1619200800000,2021-04-23T18:00:00+00:00,2021-04-23T19:00:00+00:00,2021-04-24T10:00:00+00:00,2021,2021-04,2021-01,weak_low,stop,-0.058781296337327205,0.0,0.001,-0.059781296337327205,0.05878129633732721,-1.0170122141277953
1619373600000,2021-04-25T18:00:00+00:00,2021-04-25T19:00:00+00:00,2021-04-25T20:00:00+00:00,2021,2021-04,2021-01,weak_low,stop,-0.02585832825822154,0.0,0.001,-0.026858328258221542,0.025858328258221683,-1.0386722602487617
1619391600000,2021-04-25T23:00:00+00:00,2021-04-26T00:00:00+00:00,2021-04-26T00:00:00+00:00,2021,2021-04,2021-01,weak_low,take,0.03884479318829159,0.0,0.001,0.03784479318829159,0.029133594891218636,1.2990086987067517
1619640000000,2021-04-28T20:00:00+00:00,2021-04-28T21:00:00+00:00,2021-04-29T12:00:00+00:00,2021,2021-04,2021-01,weak_low,take,0.03335064010416078,0.0,0.001,0.03235064010416078,0.025012980078120653,1.2933540906810428
1619704800000,2021-04-29T14:00:00+00:00,2021-04-29T15:00:00+00:00,2021-04-29T18:00:00+00:00,2021,2021-04,2021-01,weak_low,stop,-0.02234803418123421,0.0,0.001,-0.023348034181234212,0.02234803418123429,-1.0447466650484911
1620086400000,2021-05-04T00:00:00+00:00,2021-05-04T01:00:00+00:00,2021-05-04T05:00:00+00:00,2021,2021-04,2021-01,weak_low,take,0.039397691031628934,0.0,0.001,0.03839769103162893,0.02954826827372172,1.2994904024807878
1620108000000,2021-05-04T06:00:00+00:00,2021-05-04T07:00:00+00:00,2021-05-04T13:00:00+00:00,2021,2021-04,2021-01,weak_low,take,0.04572389319039116,0.0,0.001,0.04472389319039116,0.034292919892793323,1.304172795148596
1620151200000,2021-05-04T18:00:00+00:00,2021-05-04T19:00:00+00:00,2021-05-04T23:00:00+00:00,2021,2021-04,2021-01,weak_low,stop,-0.04274375478610015,0.0,0.001,-0.04374375478610015,0.04274375478610011,-1.0233952306016232
1620208800000,2021-05-05T10:00:00+00:00,2021-05-05T11:00:00+00:00,2021-05-06T11:00:00+00:00,2021,2021-04,2021-01,weak_low,time,0.04285912568919237,0.0,0.001,0.04185912568919237,0.039747054967057556,1.0531377915643134
1620316800000,2021-05-06T16:00:00+00:00,2021-05-06T17:00:00+00:00,2021-05-06T18:00:00+00:00,2021,2021-04,2021-01,weak_low,stop,-0.024717794033016993,0.0,0.001,-0.025717794033016994,0.024717794033017,-1.0404566847132166
1620547200000,2021-05-09T08:00:00+00:00,2021-05-09T09:00:00+00:00,2021-05-09T12:00:00+00:00,2021,2021-04,2021-01,weak_low,stop,-0.02655868818978646,0.0,0.001,-0.027558688189786462,0.026558688189786458,-1.0376524620814882
1620576000000,2021-05-09T16:00:00+00:00,2021-05-09T17:00:00+00:00,2021-05-10T03:00:00+00:00,2021,2021-04,2021-01,weak_low,take,0.03751853605070976,0.0,0.001,0.03651853605070976,0.0281389020380324,1.2977953440170298
1620669600000,2021-05-10T18:00:00+00:00,2021-05-10T19:00:00+00:00,2021-05-10T19:00:00+00:00,2021,2021-04,2021-01,weak_low,stop,-0.02661477756978603,0.0,0.001,-0.02761477756978603,0.026614777569786065,-1.0375731113054725
1620727200000,2021-05-11T10:00:00+00:00,2021-05-11T11:00:00+00:00,2021-05-12T02:00:00+00:00,2021,2021-04,2021-01,weak_low,take,0.055163654091723524,0.0,0.001,0.05416365409172352,0.04137274056879262,1.3091628291256843
1620964800000,2021-05-14T04:00:00+00:00,2021-05-14T05:00:00+00:00,2021-05-14T13:00:00+00:00,2021,2021-04,2021-01,weak_low,take,0.06696215628507307,0.0,0.001,0.06596215628507307,0.05022161721380471,1.313421589039185
1621238400000,2021-05-17T08:00:00+00:00,2021-05-17T09:00:00+00:00,2021-05-17T14:00:00+00:00,2021,2021-04,2021-01,weak_low,stop,-0.049309478837569753,0.0,0.001,-0.050309478837569754,0.049309478837569774,-1.0202800764391382
1621328400000,2021-05-18T09:00:00+00:00,2021-05-18T10:00:00+00:00,2021-05-18T14:00:00+00:00,2021,2021-04,2021-01,weak_low,stop,-0.0447061181774735,0.0,0.001,-0.0457061181774735,0.04470611817747352,-1.0223683030593307
1621368000000,2021-05-18T20:00:00+00:00,2021-05-18T21:00:00+00:00,2021-05-19T01:00:00+00:00,2021,2021-04,2021-01,weak_low,stop,-0.0421946022727272,-0.0001,0.001,-0.0432946022727272,0.04219460227272728,-1.0260696852381734
1621494000000,2021-05-20T07:00:00+00:00,2021-05-20T08:00:00+00:00,2021-05-21T08:00:00+00:00,2021,2021-04,2021-01,weak_high,time,-0.0030605848298241867,-0.00030000000000000003,0.001,-0.004360584829824187,0.14648701095173122,-0.029767723441780365
1621677600000,2021-05-22T10:00:00+00:00,2021-05-22T11:00:00+00:00,2021-05-22T19:00:00+00:00,2021,2021-04,2021-01,weak_high,stop,-0.0814130986201298,0.0,0.001,-0.0824130986201298,0.08141309862012985,-1.0122830357393213
1621800000000,2021-05-23T20:00:00+00:00,2021-05-23T21:00:00+00:00,2021-05-24T07:00:00+00:00,2021,2021-04,2021-01,weak_high,take,0.1064340844892997,0.0,0.001,0.1054340844892997,0.07982556336697465,1.3208060180495986
1621976400000,2021-05-25T21:00:00+00:00,2021-05-25T22:00:00+00:00,2021-05-26T02:00:00+00:00,2021,2021-04,2021-01,weak_high,take,0.07298529995418601,0.0,0.001,0.07198529995418601,0.054738974965639446,1.3150648144100683
1622106000000,2021-05-27T09:00:00+00:00,2021-05-27T10:00:00+00:00,2021-05-28T01:00:00+00:00,2021,2021-04,2021-01,weak_high,stop,-0.04150233732738706,-0.0001,0.001,-0.042602337327387066,0.041502337327387034,-1.0265045313309173
1622350800000,2021-05-30T05:00:00+00:00,2021-05-30T06:00:00+00:00,2021-05-31T06:00:00+00:00,2021,2021-04,2021-01,weak_high,time,0.008206785682640216,0.0,0.001,0.007206785682640216,0.04274332381149289,0.16860611295517558
1622610000000,2021-06-02T05:00:00+00:00,2021-06-02T06:00:00+00:00,2021-06-02T13:00:00+00:00,2021,2021-04,2021-01,weak_high,take,0.044263531230580355,-0.0001,0.001,0.04316353123058035,0.033197648422935225,1.3001984562484856
1622840400000,2021-06-04T21:00:00+00:00,2021-06-04T22:00:00+00:00,2021-06-04T23:00:00+00:00,2021,2021-04,2021-01,weak_high,stop,-0.03031317577580428,0.0,0.001,-0.03131317577580428,0.030313175775804314,-1.0329889552779277
1622851200000,2021-06-05T00:00:00+00:00,2021-06-05T01:00:00+00:00,2021-06-05T09:00:00+00:00,2021,2021-04,2021-01,weak_high,stop,-0.031173130479069777,0.0,0.001,-0.03217313047906978,0.03117313047906979,-1.0320789084904836
1622955600000,2021-06-06T05:00:00+00:00,2021-06-06T06:00:00+00:00,2021-06-07T01:00:00+00:00,2021,2021-04,2021-01,weak_high,take,0.037766401100872926,-0.0001,0.001,0.03666640110087292,0.02832480082565468,1.2944981087973966
1623182400000,2021-06-08T20:00:00+00:00,2021-06-08T21:00:00+00:00,2021-06-09T01:00:00+00:00,2021,2021-04,2021-01,weak_high,stop,-0.03985963347644916,0.0,0.001,-0.040859633476449164,0.039859633476449045,-1.025088038016982
1623492000000,2021-06-12T10:00:00+00:00,2021-06-12T11:00:00+00:00,2021-06-13T03:00:00+00:00,2021,2021-04,2021-01,weak_high,stop,-0.024822431899132025,0.0,0.001,-0.025822431899132026,0.024822431899132087,-1.0402861413443902
1624111200000,2021-06-19T14:00:00+00:00,2021-06-19T15:00:00+00:00,2021-06-19T18:00:00+00:00,2021,2021-04,2021-01,weak_high,stop,-0.02455258984848696,-0.0001,0.001,-0.02565258984848696,0.024552589848486857,-1.0448017910447804
1624212000000,2021-06-20T18:00:00+00:00,2021-06-20T19:00:00+00:00,2021-06-20T19:00:00+00:00,2021,2021-04,2021-01,weak_low,take,0.029135718431256175,0.0,0.001,0.028135718431256174,0.021851788823442225,1.2875704894728186
1624240800000,2021-06-21T02:00:00+00:00,2021-06-21T03:00:00+00:00,2021-06-21T04:00:00+00:00,2021,2021-04,2021-01,weak_low,stop,-0.02543095375141613,0.0,0.001,-0.02643095375141613,0.025430953751416123,-1.0393221587273078
1625076000000,2021-06-30T18:00:00+00:00,2021-06-30T19:00:00+00:00,2021-06-30T21:00:00+00:00,2021,2021-04,2021-01,weak_low,take,0.03409155937052932,0.0,0.001,0.03309155937052932,0.025568669527897006,1.2942229682473065
1625090400000,2021-06-30T22:00:00+00:00,2021-06-30T23:00:00+00:00,2021-07-01T02:00:00+00:00,2021,2021-04,2021-01,weak_low,stop,-0.026808568822047185,-0.0001,0.001,-0.027908568822047185,0.02680856882204715,-1.0410316569788465
1625112000000,2021-07-01T04:00:00+00:00,2021-07-01T05:00:00+00:00,2021-07-01T07:00:00+00:00,2021,2021-07,2021-07,weak_low,stop,-0.02761124320652164,0.0,0.001,-0.02861124320652164,0.027611243206521748,-1.0362171305551244
1626404400000,2021-07-16T03:00:00+00:00,2021-07-16T04:00:00+00:00,2021-07-16T06:00:00+00:00,2021,2021-07,2021-07,weak_low,stop,-0.021584062894501876,0.0,0.001,-0.022584062894501877,0.021584062894501876,-1.0463304802662863
1626793200000,2021-07-20T15:00:00+00:00,2021-07-20T16:00:00+00:00,2021-07-20T22:00:00+00:00,2021,2021-07,2021-07,weak_low,stop,-0.021198520403355126,0.0,0.001,-0.022198520403355126,0.021198520403355015,-1.0471731036399052
1626822000000,2021-07-20T23:00:00+00:00,2021-07-21T00:00:00+00:00,2021-07-21T04:00:00+00:00,2021,2021-07,2021-07,weak_low,take,0.031027802673836646,0.0,0.001,0.030027802673836645,0.023270852005377558,1.2903611207229393
1627851600000,2021-08-01T21:00:00+00:00,2021-08-01T22:00:00+00:00,2021-08-01T22:00:00+00:00,2021,2021-07,2021-07,weak_low,stop,-0.020431632099156327,0.0,0.001,-0.021431632099156328,0.020431632099156334,-1.0489437160549346
1627912800000,2021-08-02T14:00:00+00:00,2021-08-02T15:00:00+00:00,2021-08-03T01:00:00+00:00,2021,2021-07,2021-07,weak_low,stop,-0.027209831631875736,-0.0001,0.001,-0.028309831631875736,0.02720983163187566,-1.0404265640038526
1628175600000,2021-08-05T15:00:00+00:00,2021-08-05T16:00:00+00:00,2021-08-06T16:00:00+00:00,2021,2021-07,2021-07,weak_low,take,0.03858422880534773,-0.0001,0.001,0.03748422880534773,0.028938171604010784,1.295321256583898
1628820000000,2021-08-13T02:00:00+00:00,2021-08-13T03:00:00+00:00,2021-08-13T07:00:00+00:00,2021,2021-07,2021-07,strong_low,take,0.029701410729204847,0.0,0.001,0.028701410729204846,0.022276058046903673,1.2884420874093692
1629198000000,2021-08-17T11:00:00+00:00,2021-08-17T12:00:00+00:00,2021-08-17T14:00:00+00:00,2021,2021-07,2021-07,strong_low,stop,-0.019401016887764855,0.0,0.001,-0.020401016887764856,0.019401016887764837,-1.0515436899923871
1630360800000,2021-08-30T22:00:00+00:00,2021-08-30T23:00:00+00:00,2021-08-30T23:00:00+00:00,2021,2021-07,2021-07,strong_low,stop,-0.01654672508888122,0.0,0.001,-0.01754672508888122,0.016546725088881293,-1.0604349195764355
1630400400000,2021-08-31T09:00:00+00:00,2021-08-31T10:00:00+00:00,2021-08-31T11:00:00+00:00,2021,2021-07,2021-07,strong_low,take,0.026357361044561545,0.0,0.001,0.025357361044561544,0.019768020783421148,1.2827465795578286
1630422000000,2021-08-31T15:00:00+00:00,2021-08-31T16:00:00+00:00,2021-09-01T05:00:00+00:00,2021,2021-07,2021-07,strong_low,take,0.030877358536932853,-0.0001,0.001,0.029777358536932853,0.02315801890269972,1.285833588013069
1630479600000,2021-09-01T07:00:00+00:00,2021-09-01T08:00:00+00:00,2021-09-01T16:00:00+00:00,2021,2021-07,2021-07,strong_low,take,0.02916742461278421,-0.0001,0.001,0.02806742461278421,0.02187556845958819,1.2830489257746394
1631116800000,2021-09-08T16:00:00+00:00,2021-09-08T17:00:00+00:00,2021-09-09T17:00:00+00:00,2021,2021-07,2021-07,strong_low,time,0.00721599555233321,0.0,0.001,0.00621599555233321,0.04118784514553787,0.15091820245436235
1631354400000,2021-09-11T10:00:00+00:00,2021-09-11T11:00:00+00:00,2021-09-12T08:00:00+00:00,2021,2021-07,2021-07,strong_low,take,0.035747311226817846,-0.0002,0.001,0.034547311226817846,0.026810483420113437,1.2885747222633137
1631574000000,2021-09-13T23:00:00+00:00,2021-09-14T00:00:00+00:00,2021-09-14T22:00:00+00:00,2021,2021-07,2021-07,strong_low,take,0.03820422410126967,-0.0001,0.001,0.037104224101269664,0.02865316807595223,1.294943163105589
1632207600000,2021-09-21T07:00:00+00:00,2021-09-21T08:00:00+00:00,2021-09-21T16:00:00+00:00,2021,2021-07,2021-07,strong_low,stop,-0.038866649967143174,-0.0001,0.001,-0.03996664996714318,0.038866649967143126,-1.0283018989527002
1632290400000,2021-09-22T06:00:00+00:00,2021-09-22T07:00:00+00:00,2021-09-22T18:00:00+00:00,2021,2021-07,2021-07,strong_low,take,0.05309996291012187,-0.0001,0.001,0.051999962910121864,0.039824972182591414,1.305712472860244
1632517200000,2021-09-24T21:00:00+00:00,2021-09-24T22:00:00+00:00,2021-09-25T08:00:00+00:00,2021,2021-07,2021-07,strong_low,stop,-0.03132981242494459,0.0,0.001,-0.03232981242494459,0.031329812424944606,-1.0319184802780303
1633636800000,2021-10-07T20:00:00+00:00,2021-10-07T21:00:00+00:00,2021-10-08T05:00:00+00:00,2021,2021-10,2021-07,strong_low,stop,-0.020899741353400003,0.0,0.001,-0.021899741353400004,0.020899741353400045,-1.047847482085575
1635307200000,2021-10-27T04:00:00+00:00,2021-10-27T05:00:00+00:00,2021-10-27T07:00:00+00:00,2021,2021-10,2021-07,strong_low,stop,-0.0174205589273968,0.0,0.001,-0.018420558927396802,0.01742055892739679,-1.0574034394744558
1635966000000,2021-11-03T19:00:00+00:00,2021-11-03T20:00:00+00:00,2021-11-04T03:00:00+00:00,2021,2021-10,2021-07,strong_low,stop,-0.017735369973560955,0.0,0.001,-0.018735369973560956,0.017735369973560944,-1.0563845017888414
1636639200000,2021-11-11T14:00:00+00:00,2021-11-11T15:00:00+00:00,2021-11-12T09:00:00+00:00,2021,2021-10,2021-07,strong_low,stop,-0.019785773372527515,-0.0002,0.001,-0.020985773372527515,0.019785773372527588,-1.0606496383743138
1637308800000,2021-11-19T08:00:00+00:00,2021-11-19T09:00:00+00:00,2021-11-19T19:00:00+00:00,2021,2021-10,2021-07,weak_low,take,0.03304427389508402,0.0,0.001,0.03204427389508402,0.024783205421313004,1.2929834277016747
1637679600000,2021-11-23T15:00:00+00:00,2021-11-23T16:00:00+00:00,2021-11-24T14:00:00+00:00,2021,2021-10,2021-07,weak_low,stop,-0.022031646828880147,0.0,0.001,-0.023031646828880148,0.02203164682888008,-1.0453892533666262
1637996400000,2021-11-27T07:00:00+00:00,2021-11-27T08:00:00+00:00,2021-11-28T02:00:00+00:00,2021,2021-10,2021-07,weak_low,stop,-0.026864221262764776,0.0,0.001,-0.027864221262764777,0.026864221262764682,-1.0372242318219047
1638291600000,2021-11-30T17:00:00+00:00,2021-11-30T18:00:00+00:00,2021-12-01T00:00:00+00:00,2021,2021-10,2021-07,weak_low,take,0.029013243262628663,-0.0001625,0.001,0.027850743262628663,0.02175993244697152,1.2799094542457938
1638640800000,2021-12-04T18:00:00+00:00,2021-12-04T19:00:00+00:00,2021-12-05T19:00:00+00:00,2021,2021-10,2021-07,weak_low,time,0.018786991349715176,0.0,0.001,0.017786991349715175,0.04169009708498935,0.4266478754763907
1638972000000,2021-12-08T14:00:00+00:00,2021-12-08T15:00:00+00:00,2021-12-09T08:00:00+00:00,2021,2021-10,2021-07,weak_low,stop,-0.01932322841700107,-0.0001,0.001,-0.02042322841700107,0.019323228417001022,-1.0569263052871767
1639803600000,2021-12-18T05:00:00+00:00,2021-12-18T06:00:00+00:00,2021-12-19T06:00:00+00:00,2021,2021-10,2021-07,weak_low,time,0.017224500256278752,-0.0001,0.001,0.01612450025627875,0.026722353921066113,0.6034086781392143
1642917600000,2022-01-23T06:00:00+00:00,2022-01-23T07:00:00+00:00,2022-01-24T07:00:00+00:00,2022,2022-01,2022-01,weak_low,time,-0.030941448945593475,0.0,0.001,-0.031941448945593476,0.044570771199869956,-0.716645642103825
1645405200000,2022-02-21T01:00:00+00:00,2022-02-21T02:00:00+00:00,2022-02-21T11:00:00+00:00,2022,2022-01,2022-01,weak_low,stop,-0.02246045864287416,0.0,0.001,-0.02346045864287416,0.022460458642874208,-1.0445226883342034
1645538400000,2022-02-22T14:00:00+00:00,2022-02-22T15:00:00+00:00,2022-02-23T15:00:00+00:00,2022,2022-01,2022-01,weak_low,time,0.01705637533106308,-5.962e-05,0.001,0.015996755331063078,0.031111426409383264,0.5141762103918972
1645718400000,2022-02-24T16:00:00+00:00,2022-02-24T17:00:00+00:00,2022-02-24T19:00:00+00:00,2022,2022-01,2022-01,weak_low,take,0.04606813445169711,0.0,0.001,0.045068134451697106,0.03455110083877284,1.304390695451364
1647388800000,2022-03-16T00:00:00+00:00,2022-03-16T01:00:00+00:00,2022-03-16T02:00:00+00:00,2022,2022-01,2022-01,weak_high,take,0.02342704662683226,0.0,0.001,0.02242704662683226,0.017570284970124132,1.27641906007594
1648818000000,2022-04-01T13:00:00+00:00,2022-04-01T14:00:00+00:00,2022-04-01T14:00:00+00:00,2022,2022-04,2022-01,weak_low,take,0.020703585883477427,0.0,0.001,0.019703585883477426,0.015527689412608084,1.268932251277426
1649768400000,2022-04-12T13:00:00+00:00,2022-04-12T14:00:00+00:00,2022-04-12T19:00:00+00:00,2022,2022-04,2022-01,weak_low,stop,-0.017902877249593385,0.0,0.001,-0.018902877249593386,0.01790287724959334,-1.055856943331428
1651064400000,2022-04-27T13:00:00+00:00,2022-04-27T14:00:00+00:00,2022-04-27T14:00:00+00:00,2022,2022-04,2022-01,strong_low,stop,-0.018793388728572502,0.0,0.001,-0.019793388728572503,0.018793388728572502,-1.0532102014406615
1652158800000,2022-05-10T05:00:00+00:00,2022-05-10T06:00:00+00:00,2022-05-10T21:00:00+00:00,2022,2022-04,2022-01,weak_low,stop,-0.038534475943194035,0.0,0.001,-0.039534475943194036,0.038534475943194056,-1.0259507875875655
1652371200000,2022-05-12T16:00:00+00:00,2022-05-12T17:00:00+00:00,2022-05-12T21:00:00+00:00,2022,2022-04,2022-01,weak_high,stop,-0.0716269762870253,0.0,0.001,-0.0726269762870253,0.07162697628702527,-1.0139612203646962
1652752800000,2022-05-17T02:00:00+00:00,2022-05-17T03:00:00+00:00,2022-05-17T13:00:00+00:00,2022,2022-04,2022-01,weak_high,take,0.03343513976580437,0.0,0.001,0.032435139765804366,0.025076354824353334,1.2934551290646288
1654624800000,2022-06-07T18:00:00+00:00,2022-06-07T19:00:00+00:00,2022-06-07T19:00:00+00:00,2022,2022-04,2022-01,weak_high,take,0.026148801747743367,0.0,0.001,0.025148801747743366,0.019611601310807514,1.282343106469558
1655042400000,2022-06-12T14:00:00+00:00,2022-06-12T15:00:00+00:00,2022-06-12T22:00:00+00:00,2022,2022-04,2022-01,weak_low,stop,-0.03224346659600541,0.0,0.001,-0.03324346659600541,0.03224346659600545,-1.031014034952552
1655182800000,2022-06-14T05:00:00+00:00,2022-06-14T06:00:00+00:00,2022-06-15T04:00:00+00:00,2022,2022-04,2022-01,weak_low,stop,-0.07205439975217254,5.37e-05,0.001,-0.07300069975217253,0.07205439975217255,-1.0131331327893194
1655316000000,2022-06-15T18:00:00+00:00,2022-06-15T19:00:00+00:00,2022-06-16T13:00:00+00:00,2022,2022-04,2022-01,weak_high,stop,-0.06786336204320997,0.0,0.001,-0.06886336204320997,0.06786336204320992,-1.014735491580322
1655589600000,2022-06-18T22:00:00+00:00,2022-06-18T23:00:00+00:00,2022-06-19T02:00:00+00:00,2022,2022-04,2022-01,weak_high,stop,-0.04294946542690126,0.0,0.001,-0.04394946542690126,0.042949465426901284,-1.0232831768698483
1655989200000,2022-06-23T13:00:00+00:00,2022-06-23T14:00:00+00:00,2022-06-23T20:00:00+00:00,2022,2022-04,2022-01,weak_high,take,0.03580339997230908,0.0,0.001,0.03480339997230908,0.026852549979231727,1.2960929222448778
1656403200000,2022-06-28T08:00:00+00:00,2022-06-28T09:00:00+00:00,2022-06-28T14:00:00+00:00,2022,2022-04,2022-01,weak_high,stop,-0.02103290295710114,0.0,0.001,-0.02203290295710114,0.021032902957101182,-1.0475445544554436
1656651600000,2022-07-01T05:00:00+00:00,2022-07-01T06:00:00+00:00,2022-07-02T06:00:00+00:00,2022,2022-07,2022-07,weak_high,time,-0.008898313107025935,4.5e-06,0.001,-0.009893813107025935,0.037407821995872705,-0.26448514185395616
1657720800000,2022-07-13T14:00:00+00:00,2022-07-13T15:00:00+00:00,2022-07-13T23:00:00+00:00,2022,2022-07,2022-07,weak_high,take,0.03367516716393637,0.0,0.001,0.03267516716393637,0.02525637537295224,1.2937393700178024
1658217600000,2022-07-19T08:00:00+00:00,2022-07-19T09:00:00+00:00,2022-07-20T09:00:00+00:00,2022,2022-07,2022-07,weak_high,time,0.009716013502065746,4.179e-05,0.001,0.008757803502065745,0.03542663139099951,0.247209603572152
1658419200000,2022-07-21T16:00:00+00:00,2022-07-21T17:00:00+00:00,2022-07-22T08:00:00+00:00,2022,2022-07,2022-07,weak_high,take,0.03992123624844823,-0.0001,0.001,0.03882123624844823,0.029940927186336178,1.2965943241118019
1658624400000,2022-07-24T01:00:00+00:00,2022-07-24T02:00:00+00:00,2022-07-24T06:00:00+00:00,2022,2022-07,2022-07,weak_low,take,0.0306872290905984,0.0,0.001,0.0296872290905984,0.02301542181794888,1.2898842057044735
1659452400000,2022-08-02T15:00:00+00:00,2022-08-02T16:00:00+00:00,2022-08-03T01:00:00+00:00,2022,2022-07,2022-07,weak_low,stop,-0.02300737316438284,0.0,0.001,-0.02400737316438284,0.023007373164382908,-1.043464327407355
1659661200000,2022-08-05T01:00:00+00:00,2022-08-05T02:00:00+00:00,2022-08-05T11:00:00+00:00,2022,2022-07,2022-07,weak_low,take,0.025795603176338666,-0.0001,0.001,0.024695603176338666,0.019346702382253965,1.2764760985309338
1661936400000,2022-08-31T09:00:00+00:00,2022-08-31T10:00:00+00:00,2022-09-01T10:00:00+00:00,2022,2022-07,2022-07,weak_low,time,-0.0034783716633751682,-9.18e-06,0.001,-0.004487551663375168,0.029357122380072622,-0.15286074722436974
1663596000000,2022-09-19T14:00:00+00:00,2022-09-19T15:00:00+00:00,2022-09-20T15:00:00+00:00,2022,2022-07,2022-07,strong_low,time,0.01646753016585678,0.0,0.001,0.01546753016585678,0.0280437238771803,0.5515505085415207
1663869600000,2022-09-22T18:00:00+00:00,2022-09-22T19:00:00+00:00,2022-09-22T23:00:00+00:00,2022,2022-07,2022-07,strong_low,take,0.03636541666346682,0.0,0.001,0.03536541666346682,0.027274062497600084,1.2966684617144482
1663981200000,2022-09-24T01:00:00+00:00,2022-09-24T02:00:00+00:00,2022-09-25T02:00:00+00:00,2022,2022-07,2022-07,strong_low,time,0.00180579371462386,8.115e-05,0.001,0.0008869437146238599,0.02437347304207959,0.03638971405891133
1664373600000,2022-09-28T14:00:00+00:00,2022-09-28T15:00:00+00:00,2022-09-29T14:00:00+00:00,2022,2022-07,2022-07,strong_low,stop,-0.02414531527112196,-2.427000000000001e-05,0.001,-0.02516958527112196,0.02414531527112186,-1.0424210654737294
1667847600000,2022-11-07T19:00:00+00:00,2022-11-07T20:00:00+00:00,2022-11-07T21:00:00+00:00,2022,2022-10,2022-07,strong_low,stop,-0.01534939683730241,0.0,0.001,-0.01634939683730241,0.01534939683730236,-1.065149139774003
1667923200000,2022-11-08T16:00:00+00:00,2022-11-08T17:00:00+00:00,2022-11-08T17:00:00+00:00,2022,2022-10,2022-07,weak_low,stop,-0.02892499142555771,0.0,0.001,-0.029924991425557712,0.02892499142555765,-1.0345721796521081
1668067200000,2022-11-10T08:00:00+00:00,2022-11-10T09:00:00+00:00,2022-11-10T13:00:00+00:00,2022,2022-10,2022-07,weak_low,take,0.07788085736619088,0.0,0.001,0.07688085736619088,0.05841064302464313,1.3162131657026146
1668207600000,2022-11-11T23:00:00+00:00,2022-11-12T00:00:00+00:00,2022-11-12T05:00:00+00:00,2022,2022-10,2022-07,weak_low,stop,-0.039231824283951666,0.0,0.001,-0.04023182428395167,0.039231824283951694,-1.0254895105759596
1676653200000,2023-02-17T17:00:00+00:00,2023-02-17T18:00:00+00:00,2023-02-18T18:00:00+00:00,2023,2023-01,2023-01,strong_low,time,0.003370972901880487,-0.0001,0.001,0.002270972901880487,0.015479667523727135,0.14670682677128266
1679580000000,2023-03-23T14:00:00+00:00,2023-03-23T15:00:00+00:00,2023-03-23T15:00:00+00:00,2023,2023-01,2023-01,strong_low,take,0.02171926595671958,0.0,0.001,0.02071926595671958,0.016289449467539605,1.2719439044276715
1682611200000,2023-04-27T16:00:00+00:00,2023-04-27T17:00:00+00:00,2023-04-28T17:00:00+00:00,2023,2023-04,2023-01,strong_low,time,-0.004623632131610211,0.0,0.001,-0.005623632131610211,0.023859692775969752,-0.235695915467698
1686852000000,2023-06-15T18:00:00+00:00,2023-06-15T19:00:00+00:00,2023-06-16T14:00:00+00:00,2023,2023-04,2023-01,strong_low,stop,-0.013377232410403894,0.00013204000000000002,0.001,-0.014245192410403895,0.013377232410403962,-1.0648833759758027
1688180400000,2023-07-01T03:00:00+00:00,2023-07-01T04:00:00+00:00,2023-07-02T04:00:00+00:00,2023,2023-07,2023-07,strong_low,time,-0.003542183235055063,-0.00030000000000000003,0.001,-0.004842183235055063,0.016608541870689473,-0.291547763359075
1700643600000,2023-11-22T09:00:00+00:00,2023-11-22T10:00:00+00:00,2023-11-22T18:00:00+00:00,2023,2023-10,2023-07,strong_low,take,0.02229554163785563,-0.0001,0.001,0.02119554163785563,0.016721656228391772,1.267550375893246
1701968400000,2023-12-07T17:00:00+00:00,2023-12-07T18:00:00+00:00,2023-12-07T21:00:00+00:00,2023,2023-10,2023-07,strong_low,take,0.016712167179438797,0.0,0.001,0.015712167179438796,0.012534125384579169,1.2535511411725302
1701986400000,2023-12-07T22:00:00+00:00,2023-12-07T23:00:00+00:00,2023-12-08T04:00:00+00:00,2023,2023-10,2023-07,strong_low,take,0.017342933328796883,-0.00022693,0.001,0.016116003328796882,0.013007199996597737,1.2390063451790014
1702011600000,2023-12-08T05:00:00+00:00,2023-12-08T06:00:00+00:00,2023-12-08T13:00:00+00:00,2023,2023-10,2023-07,strong_low,stop,-0.01373575823593498,-0.00012399,0.001,-0.014859748235934979,0.013735758235934871,-1.0818294833596864
1704837600000,2024-01-09T22:00:00+00:00,2024-01-09T23:00:00+00:00,2024-01-10T00:00:00+00:00,2024,2024-01,2024-01,strong_low,take,0.024866590351221962,-0.0001,0.001,0.023766590351221962,0.01864994276341639,1.2743519190762536
1704848400000,2024-01-10T01:00:00+00:00,2024-01-10T02:00:00+00:00,2024-01-10T15:00:00+00:00,2024,2024-01,2024-01,strong_low,take,0.026275603569039685,-0.0001,0.001,0.025175603569039685,0.01970670267677976,1.2775147614473263
1704902400000,2024-01-10T16:00:00+00:00,2024-01-10T17:00:00+00:00,2024-01-10T20:00:00+00:00,2024,2024-01,2024-01,strong_low,take,0.03417097423761173,0.0,0.001,0.03317097423761173,0.02562823067820886,1.2943138624788602
1705064400000,2024-01-12T13:00:00+00:00,2024-01-12T14:00:00+00:00,2024-01-12T16:00:00+00:00,2024,2024-01,2024-01,strong_low,stop,-0.019523653702318566,-0.0001,0.001,-0.020623653702318567,0.019523653702318573,-1.0563419130851188
1709697600000,2024-03-06T04:00:00+00:00,2024-03-06T05:00:00+00:00,2024-03-06T08:00:00+00:00,2024,2024-01,2024-01,strong_low,take,0.04906768904231207,0.0,0.001,0.04806768904231207,0.0368007667817341,1.3061599864862123
1709726400000,2024-03-06T12:00:00+00:00,2024-03-06T13:00:00+00:00,2024-03-07T13:00:00+00:00,2024,2024-01,2024-01,strong_low,time,-0.0029569308627697133,-0.00115379,0.001,-0.005110720862769713,0.03978200485146,-0.12846815744586965
1710547200000,2024-03-16T00:00:00+00:00,2024-03-16T01:00:00+00:00,2024-03-16T13:00:00+00:00,2024,2024-01,2024-01,strong_high,stop,-0.030256100412673015,-0.0002749,0.001,-0.03153100041267302,0.03025610041267301,-1.0421369569313699
1710954000000,2024-03-20T17:00:00+00:00,2024-03-20T18:00:00+00:00,2024-03-20T20:00:00+00:00,2024,2024-01,2024-01,strong_high,take,0.046240125186138625,0.0,0.001,0.045240125186138624,0.034680093889604,1.3044983479615144
1713074400000,2024-04-14T06:00:00+00:00,2024-04-14T07:00:00+00:00,2024-04-14T17:00:00+00:00,2024,2024-04,2024-01,strong_high,stop,-0.03597498616455608,-0.0002,0.001,-0.03717498616455608,0.03597498616455602,-1.0333565103961693
1713117600000,2024-04-14T18:00:00+00:00,2024-04-14T19:00:00+00:00,2024-04-15T06:00:00+00:00,2024,2024-04,2024-01,strong_high,take,0.05322663673192185,-0.0001,0.001,0.05212663673192185,0.039919977548941346,1.3057782076158562
1714240800000,2024-04-27T18:00:00+00:00,2024-04-27T19:00:00+00:00,2024-04-28T02:00:00+00:00,2024,2024-04,2024-01,strong_low,take,0.01687617889026094,-9.322e-05,0.001,0.015782958890260938,0.012657134167695792,1.2469614907411697
1714586400000,2024-05-01T18:00:00+00:00,2024-05-01T19:00:00+00:00,2024-05-01T19:00:00+00:00,2024,2024-04,2024-01,strong_high,stop,-0.02226403018539591,0.0,0.001,-0.023264030185395912,0.02226403018539587,-1.0449154978533939
1714597200000,2024-05-01T21:00:00+00:00,2024-05-01T22:00:00+00:00,2024-05-02T01:00:00+00:00,2024,2024-04,2024-01,strong_high,stop,-0.022843766855447756,8.6e-07,0.001,-0.02384290685544776,0.022843766855447655,-1.0437379704635636
1716332400000,2024-05-21T23:00:00+00:00,2024-05-22T00:00:00+00:00,2024-05-22T11:00:00+00:00,2024,2024-04,2024-01,strong_low,stop,-0.020209376557419834,-0.00027641000000000005,0.001,-0.021485786557419836,0.020209376557419844,-1.0631592961996326
1718398800000,2024-06-14T21:00:00+00:00,2024-06-14T22:00:00+00:00,2024-06-15T12:00:00+00:00,2024,2024-04,2024-01,weak_low,take,0.016683128558813598,-0.0002,0.001,0.015483128558813598,0.012512346419110245,1.237428060269019
1718456400000,2024-06-15T13:00:00+00:00,2024-06-15T14:00:00+00:00,2024-06-16T14:00:00+00:00,2024,2024-04,2024-01,weak_low,time,0.0028193486912169163,-0.0002,0.001,0.0016193486912169162,0.0131964295723334,0.12271112290948119
1719284400000,2024-06-25T03:00:00+00:00,2024-06-25T04:00:00+00:00,2024-06-26T04:00:00+00:00,2024,2024-04,2024-01,weak_low,time,0.004613723081670296,-0.0002,0.001,0.003413723081670296,0.01894574944071591,0.18018411424432415
1720191600000,2024-07-05T15:00:00+00:00,2024-07-05T16:00:00+00:00,2024-07-06T16:00:00+00:00,2024,2024-07,2024-07,weak_low,time,0.019956721973799052,-0.00026374,0.001,0.018692981973799053,0.02907596062836749,0.6429016125287206
1720432800000,2024-07-08T10:00:00+00:00,2024-07-08T11:00:00+00:00,2024-07-08T14:00:00+00:00,2024,2024-07,2024-07,weak_low,stop,-0.01993149843846964,0.0,0.001,-0.020931498438469642,0.019931498438469707,-1.0501718424777255
1720465200000,2024-07-08T19:00:00+00:00,2024-07-08T20:00:00+00:00,2024-07-09T08:00:00+00:00,2024,2024-07,2024-07,weak_low,take,0.03475565900145838,-5.681e-05,0.001,0.033698849001458385,0.026066744251093836,1.2927908708830902
1722870000000,2024-08-05T15:00:00+00:00,2024-08-05T16:00:00+00:00,2024-08-06T16:00:00+00:00,2024,2024-07,2024-07,weak_high,time,0.03287109630210372,0.00019819,0.001,0.03206928630210372,0.06557783712269695,0.4890262885935333
1723456800000,2024-08-12T10:00:00+00:00,2024-08-12T11:00:00+00:00,2024-08-12T14:00:00+00:00,2024,2024-07,2024-07,weak_high,take,0.027729268394316442,0.0,0.001,0.02672926839431644,0.020796951295737207,1.2852493624772394
1723482000000,2024-08-12T17:00:00+00:00,2024-08-12T18:00:00+00:00,2024-08-12T23:00:00+00:00,2024,2024-07,2024-07,weak_high,take,0.03423249803136996,0.0,0.001,0.03323249803136996,0.025674373523527493,1.2943839895807527
1724868000000,2024-08-28T18:00:00+00:00,2024-08-28T19:00:00+00:00,2024-08-29T19:00:00+00:00,2024,2024-07,2024-07,weak_high,time,-0.0017575108906432435,-7.510000000000001e-06,0.001,-0.0027650208906432436,0.02455504366130986,-0.11260500811081624
1725710400000,2024-09-07T12:00:00+00:00,2024-09-07T13:00:00+00:00,2024-09-08T13:00:00+00:00,2024,2024-07,2024-07,weak_low,time,-0.002586157939111766,-0.00011104,0.001,-0.0036971979391117664,0.020267975326655297,-0.18241575093341564
1732564800000,2024-11-25T20:00:00+00:00,2024-11-25T21:00:00+00:00,2024-11-25T21:00:00+00:00,2024,2024-10,2024-07,strong_low,stop,-0.021846171734782094,0.0,0.001,-0.022846171734782095,0.021846171734782094,-1.045774610404983
1732680000000,2024-11-27T04:00:00+00:00,2024-11-27T05:00:00+00:00,2024-11-27T13:00:00+00:00,2024,2024-10,2024-07,strong_low,take,0.025591682801022086,-0.00020895,0.001,0.024382732801022086,0.019193762100766495,1.270346723743563
1733493600000,2024-12-06T14:00:00+00:00,2024-12-06T15:00:00+00:00,2024-12-07T15:00:00+00:00,2024,2024-10,2024-07,strong_high,time,0.004960028887529111,-0.0008123900000000001,0.001,0.0031476388875291113,0.02208347543055458,0.14253367398747638
1734714000000,2024-12-20T17:00:00+00:00,2024-12-20T18:00:00+00:00,2024-12-21T18:00:00+00:00,2024,2024-10,2024-07,strong_low,time,-0.0212515788799702,-0.00016352,0.001,-0.022415098879970202,0.037890936501376614,-0.5915688803087736
1734922800000,2024-12-23T03:00:00+00:00,2024-12-23T04:00:00+00:00,2024-12-23T06:00:00+00:00,2024,2024-10,2024-07,strong_low,stop,-0.021334500609013318,0.0,0.001,-0.02233450060901332,0.021334500609013367,-1.0468724353256
1734951600000,2024-12-23T11:00:00+00:00,2024-12-23T12:00:00+00:00,2024-12-23T21:00:00+00:00,2024,2024-10,2024-07,strong_low,take,0.028399054155395342,0.0,0.001,0.02739905415539534,0.021299290616546458,1.2863834128874814
1735009200000,2024-12-24T03:00:00+00:00,2024-12-24T04:00:00+00:00,2024-12-24T15:00:00+00:00,2024,2024-10,2024-07,strong_low,take,0.02772215121655286,-8.121e-05,0.001,0.026640941216552857,0.02079161341241465,1.2813311159703258
